log_file,line_num,timestamp_utc,symbol,equity,intended_risk_usd,stop_dist,tick_size,tick_value,loss_per_lot,min_lot,min_lot_loss_usd,actual_risk_pct,risk_distortion,req_margin_1_500,req_margin_1_2000,rejection_reason,is_executable_500,is_executable_2000,is_risk_compliant
20260917.log,36,2026-09-17 (MT5 Log),XAUUSD,4.02,0.02,0.5,0.001,0.1,50.0,0.01,0.5,12.437810945273634,25.0,8.695994,2.1739985,MIN_LOT_EXCEEDS_RISK,False,True,False
20260917.log,38,2026-09-17 (MT5 Log),XAUUSD,4.02,0.02,1.0,0.001,0.1,100.0,0.01,1.0,24.87562189054727,50.0,8.695994,2.1739985,MIN_LOT_EXCEEDS_RISK,False,True,False
20260917.log,40,2026-09-17 (MT5 Log),XAUUSD,4.02,0.02,1.5,0.001,0.1,150.0,0.01,1.5,37.3134328358209,75.0,8.695994,2.1739985,MIN_LOT_EXCEEDS_RISK,False,True,False
20260917.log,42,2026-09-17 (MT5 Log),XAUUSD,4.02,0.02,2.0,0.001,0.1,200.0,0.01,2.0,49.75124378109454,100.0,8.695994,2.1739985,MIN_LOT_EXCEEDS_RISK,False,True,False
20260917.log,44,2026-09-17 (MT5 Log),XAUUSD,4.02,0.02,2.5,0.001,0.1,250.0,0.01,2.5,62.18905472636816,125.0,8.695994,2.1739985,MIN_LOT_EXCEEDS_RISK,False,True,False
20260917.log,46,2026-09-17 (MT5 Log),XAUUSD,4.02,0.02,3.0,0.001,0.1,300.0,0.01,3.0,74.6268656716418,150.0,8.695994,2.1739985,MIN_LOT_EXCEEDS_RISK,False,True,False
20260917.log,48,2026-09-17 (MT5 Log),XAUUSD,4.02,0.02,5.0,0.001,0.1,500.0,0.01,5.0,124.37810945273633,250.0,8.695994,2.1739985,MIN_LOT_EXCEEDS_RISK,False,True,False
20260917.log,106,2026-09-17 (MT5 Log),XAUUSD,500.0,2.5,3.0,0.001,0.1,300.0,0.01,3.0,0.6,1.2,8.695994,2.1739985,MIN_LOT_EXCEEDS_RISK,True,True,False
20260917.log,108,2026-09-17 (MT5 Log),XAUUSD,500.0,2.5,5.0,0.001,0.1,500.0,0.01,5.0,1.0,2.0,8.695994,2.1739985,MIN_LOT_EXCEEDS_RISK,True,True,False
20260917.log,122,2026-09-17 (MT5 Log),XAUUSD,500.0,2.5,3.0,0.001,0.1,300.0,0.01,3.0,0.6,1.2,8.695994,2.1739985,MIN_LOT_EXCEEDS_RISK,True,True,False
20260917.log,124,2026-09-17 (MT5 Log),XAUUSD,500.0,2.5,5.0,0.001,0.1,500.0,0.01,5.0,1.0,2.0,8.695994,2.1739985,MIN_LOT_EXCEEDS_RISK,True,True,False
20260917.log,138,2026-09-17 (MT5 Log),XAUUSD,500.0,2.5,3.0,0.001,0.1,300.0,0.01,3.0,0.6,1.2,8.695994,2.1739985,MIN_LOT_EXCEEDS_RISK,True,True,False
20260917.log,140,2026-09-17 (MT5 Log),XAUUSD,500.0,2.5,5.0,0.001,0.1,500.0,0.01,5.0,1.0,2.0,8.695994,2.1739985,MIN_LOT_EXCEEDS_RISK,True,True,False
20260917.log,154,2026-09-17 (MT5 Log),XAUUSD,500.0,2.5,3.0,0.001,0.1,300.0,0.01,3.0,0.6,1.2,8.695994,2.1739985,MIN_LOT_EXCEEDS_RISK,True,True,False
20260917.log,156,2026-09-17 (MT5 Log),XAUUSD,500.0,2.5,5.0,0.001,0.1,500.0,0.01,5.0,1.0,2.0,8.695994,2.1739985,MIN_LOT_EXCEEDS_RISK,True,True,False
20260917.log,168,2026-09-17 (MT5 Log),XAUUSD,500.0,2.5,3.0,0.001,0.1,300.0,0.01,3.0,0.6,1.2,8.695994,2.1739985,MIN_LOT_EXCEEDS_RISK,True,True,False
20260917.log,170,2026-09-17 (MT5 Log),XAUUSD,500.0,2.5,5.0,0.001,0.1,500.0,0.01,5.0,1.0,2.0,8.695994,2.1739985,MIN_LOT_EXCEEDS_RISK,True,True,False
20260917.log,210,2026-09-17 (MT5 Log),XAUUSD,500.0,2.5,3.0,0.001,0.1,300.0,0.01,3.0,0.6,1.2,8.695994,2.1739985,MIN_LOT_EXCEEDS_RISK,True,True,False
20260917.log,212,2026-09-17 (MT5 Log),XAUUSD,500.0,2.5,5.0,0.001,0.1,500.0,0.01,5.0,1.0,2.0,8.695994,2.1739985,MIN_LOT_EXCEEDS_RISK,True,True,False
20260917.log,226,2026-09-17 (MT5 Log),XAUUSD,500.0,2.5,3.0,0.001,0.1,300.0,0.01,3.0,0.6,1.2,8.695994,2.1739985,MIN_LOT_EXCEEDS_RISK,True,True,False
20260917.log,228,2026-09-17 (MT5 Log),XAUUSD,500.0,2.5,5.0,0.001,0.1,500.0,0.01,5.0,1.0,2.0,8.695994,2.1739985,MIN_LOT_EXCEEDS_RISK,True,True,False
20260917.log,240,2026-09-17 (MT5 Log),XAUUSD,500.0,2.5,14.061,0.001,0.1,1406.1,0.01,14.06,2.8120000000000003,5.6240000000000006,8.695994,2.1739985,MIN_LOT_EXCEEDS_RISK,True,True,False
20260917.log,244,2026-09-17 (MT5 Log),XAUUSD,500.0,2.5,14.094,0.001,0.1,1409.4,0.01,14.09,2.818,5.636,8.695994,2.1739985,MIN_LOT_EXCEEDS_RISK,True,True,False
20260917.log,248,2026-09-17 (MT5 Log),XAUUSD,500.0,2.5,13.504,0.001,0.1,1350.4,0.01,13.5,2.7,5.4,8.695994,2.1739985,MIN_LOT_EXCEEDS_RISK,True,True,False
20260917.log,252,2026-09-17 (MT5 Log),XAUUSD,500.0,2.5,12.649,0.001,0.1,1264.9,0.01,12.65,2.53,5.0600000000000005,8.695994,2.1739985,MIN_LOT_EXCEEDS_RISK,True,True,False
20260917.log,256,2026-09-17 (MT5 Log),XAUUSD,500.0,2.5,12.315,0.001,0.1,1231.5,0.01,12.31,2.4619999999999997,4.924,8.695994,2.1739985,MIN_LOT_EXCEEDS_RISK,True,True,False
20260917.log,260,2026-09-17 (MT5 Log),XAUUSD,500.0,2.5,11.463,0.001,0.1,1146.3,0.01,11.46,2.2920000000000003,4.5840000000000005,8.695994,2.1739985,MIN_LOT_EXCEEDS_RISK,True,True,False
20260917.log,264,2026-09-17 (MT5 Log),XAUUSD,500.0,2.5,11.512,0.001,0.1,1151.2,0.01,11.51,2.302,4.604,8.695994,2.1739985,MIN_LOT_EXCEEDS_RISK,True,True,False
20260917.log,268,2026-09-17 (MT5 Log),XAUUSD,500.0,2.5,11.622,0.001,0.1,1162.2,0.01,11.62,2.324,4.648,8.695994,2.1739985,MIN_LOT_EXCEEDS_RISK,True,True,False
20260917.log,272,2026-09-17 (MT5 Log),XAUUSD,500.0,2.5,11.302,0.001,0.1,1130.2,0.01,11.3,2.2600000000000002,4.5200000000000005,8.695994,2.1739985,MIN_LOT_EXCEEDS_RISK,True,True,False
20260917.log,276,2026-09-17 (MT5 Log),XAUUSD,500.0,2.5,10.408,0.001,0.1,1040.8,0.01,10.41,2.0820000000000003,4.164,8.695994,2.1739985,MIN_LOT_EXCEEDS_RISK,True,True,False
20260917.log,280,2026-09-17 (MT5 Log),XAUUSD,500.0,2.5,9.749,0.001,0.1,974.9,0.01,9.75,1.95,3.9,8.695994,2.1739985,MIN_LOT_EXCEEDS_RISK,True,True,False
20260917.log,284,2026-09-17 (MT5 Log),XAUUSD,500.0,2.5,9.776,0.001,0.1,977.6,0.01,9.78,1.9559999999999997,3.912,8.695994,2.1739985,MIN_LOT_EXCEEDS_RISK,True,True,False
20260917.log,288,2026-09-17 (MT5 Log),XAUUSD,500.0,2.5,9.977,0.001,0.1,997.7,0.01,9.98,1.9960000000000002,3.992,8.695994,2.1739985,MIN_LOT_EXCEEDS_RISK,True,True,False
20260917.log,292,2026-09-17 (MT5 Log),XAUUSD,500.0,2.5,10.115,0.001,0.1,1011.5,0.01,10.11,2.022,4.044,8.695994,2.1739985,MIN_LOT_EXCEEDS_RISK,True,True,False
20260917.log,296,2026-09-17 (MT5 Log),XAUUSD,500.0,2.5,9.942,0.001,0.1,994.2,0.01,9.94,1.9879999999999998,3.976,8.695994,2.1739985,MIN_LOT_EXCEEDS_RISK,True,True,False
20260917.log,300,2026-09-17 (MT5 Log),XAUUSD,500.0,2.5,9.689,0.001,0.1,968.9,0.01,9.69,1.9379999999999997,3.876,8.695994,2.1739985,MIN_LOT_EXCEEDS_RISK,True,True,False
20260917.log,304,2026-09-17 (MT5 Log),XAUUSD,500.0,2.5,9.776,0.001,0.1,977.6,0.01,9.78,1.9559999999999997,3.912,8.695994,2.1739985,MIN_LOT_EXCEEDS_RISK,True,True,False
20260917.log,308,2026-09-17 (MT5 Log),XAUUSD,500.0,2.5,9.484,0.001,0.1,948.4,0.01,9.48,1.8960000000000001,3.7920000000000003,8.695994,2.1739985,MIN_LOT_EXCEEDS_RISK,True,True,False
20260917.log,312,2026-09-17 (MT5 Log),XAUUSD,500.0,2.5,9.045,0.001,0.1,904.5,0.01,9.05,1.81,3.62,8.695994,2.1739985,MIN_LOT_EXCEEDS_RISK,True,True,False
20260917.log,316,2026-09-17 (MT5 Log),XAUUSD,500.0,2.5,8.911,0.001,0.1,891.1,0.01,8.91,1.7819999999999998,3.564,8.695994,2.1739985,MIN_LOT_EXCEEDS_RISK,True,True,False
20260917.log,320,2026-09-17 (MT5 Log),XAUUSD,500.0,2.5,8.625,0.001,0.1,862.5,0.01,8.62,1.7239999999999998,3.4479999999999995,8.695994,2.1739985,MIN_LOT_EXCEEDS_RISK,True,True,False
20260917.log,324,2026-09-17 (MT5 Log),XAUUSD,500.0,2.5,8.253,0.001,0.1,825.3,0.01,8.25,1.6500000000000001,3.3,8.695994,2.1739985,MIN_LOT_EXCEEDS_RISK,True,True,False
20260917.log,328,2026-09-17 (MT5 Log),XAUUSD,500.0,2.5,7.507,0.001,0.1,750.7,0.01,7.51,1.502,3.004,8.695994,2.1739985,MIN_LOT_EXCEEDS_RISK,True,True,False
20260917.log,332,2026-09-17 (MT5 Log),XAUUSD,500.0,2.5,7.975,0.001,0.1,797.5,0.01,7.97,1.5939999999999999,3.1879999999999997,8.695994,2.1739985,MIN_LOT_EXCEEDS_RISK,True,True,False
20260917.log,350,2026-09-17 (MT5 Log),XAUUSD,500.0,2.5,85.001,0.001,0.1,8500.1,0.01,85.0,17.0,34.0,8.695994,2.1739985,MIN_LOT_EXCEEDS_RISK,True,True,False
20260917.log,380,2026-09-17 (MT5 Log),XAUUSD,500.0,2.5,76.701,0.001,0.1,7670.1,0.01,76.7,15.340000000000002,30.68,8.695994,2.1739985,MIN_LOT_EXCEEDS_RISK,True,True,False
20260917.log,384,2026-09-17 (MT5 Log),XAUUSD,500.0,2.5,75.273,0.001,0.1,7527.3,0.01,75.27,15.053999999999998,30.107999999999997,8.695994,2.1739985,MIN_LOT_EXCEEDS_RISK,True,True,False
20260917.log,388,2026-09-17 (MT5 Log),XAUUSD,500.0,2.5,68.561,0.001,0.1,6856.1,0.01,68.56,13.712,27.424,8.695994,2.1739985,MIN_LOT_EXCEEDS_RISK,True,True,False
