Balance,RiskBudget,MeanDistortion,MedianDistortion,MaxDistortion,MinDistortion,PctTradesDistorted,MeanActualRiskPct,MaxActualRiskPct,MarginPassPct,Executable
1,0.005,2580.391304347828,2216.6000000000167,6895.399999999972,575.4000000000815,100.0,1290.195652173914,3447.699999999986,0.0,False
2,0.01,1290.195652173914,1108.3000000000084,3447.699999999986,287.70000000004075,100.0,645.097826086957,1723.849999999993,0.0,False
3,0.015,860.1304347826093,738.8666666666722,2298.466666666657,191.80000000002718,100.0,430.06521739130466,1149.2333333333286,0.0,False
4,0.02,645.097826086957,554.1500000000042,1723.849999999993,143.85000000002037,100.0,322.5489130434785,861.9249999999965,0.0,False
5,0.025,516.0782608695656,443.3200000000033,1379.0799999999945,115.0800000000163,100.0,258.0391304347828,689.5399999999972,0.0,False
6,0.03,430.06521739130466,369.4333333333361,1149.2333333333286,95.90000000001359,100.0,215.03260869565233,574.6166666666643,0.0,False
7,0.035,368.6273291925469,316.65714285714523,985.0571428571388,82.20000000001164,100.0,184.31366459627344,492.5285714285694,0.0,False
8,0.04,322.5489130434785,277.0750000000021,861.9249999999965,71.92500000001019,100.0,161.27445652173924,430.9624999999983,0.0,False
9,0.045,286.7101449275364,246.28888888889074,766.1555555555525,63.93333333334239,100.0,143.3550724637682,383.07777777777625,0.0,False
10,0.05,258.0391304347828,221.66000000000165,689.5399999999972,57.54000000000815,100.0,129.0195652173914,344.7699999999986,0.0,False
11,0.055,234.58102766798433,201.5090909090924,626.854545454543,52.30909090909832,100.0,117.29051383399216,313.4272727272715,0.0,False
12,0.06,215.03260869565233,184.71666666666806,574.6166666666643,47.950000000006796,100.0,107.51630434782616,287.30833333333214,0.0,False
13,0.065,198.49163879598674,170.50769230769362,530.4153846153824,44.26153846154473,100.0,99.24581939799337,265.2076923076912,0.0,False
14,0.07,184.31366459627344,158.32857142857262,492.5285714285694,41.10000000000582,100.0,92.15683229813672,246.2642857142847,0.0,False
15,0.075,172.02608695652185,147.77333333333445,459.69333333333145,38.360000000005435,100.0,86.01304347826093,229.84666666666573,0.0,False
16,0.08,161.27445652173924,138.53750000000105,430.9624999999983,35.96250000000509,100.0,80.63722826086962,215.48124999999914,0.0,False
17,0.085,151.78772378516635,130.38823529411863,405.6117647058807,33.847058823534205,100.0,75.89386189258317,202.80588235294036,0.0,False
18,0.09,143.3550724637682,123.14444444444537,383.07777777777625,31.966666666671195,100.0,71.6775362318841,191.53888888888812,0.0,False
19,0.095,135.8100686498857,116.66315789473771,362.91578947368276,30.284210526320077,100.0,67.90503432494285,181.45789473684138,0.0,False
20,0.1,129.0195652173914,110.83000000000082,344.7699999999986,28.770000000004075,100.0,64.5097826086957,172.3849999999993,0.0,False
21,0.105,122.87577639751561,105.55238095238175,328.35238095237963,27.40000000000388,100.0,61.437888198757804,164.17619047618982,0.0,False
22,0.11,117.29051383399216,100.7545454545462,313.4272727272715,26.15454545454916,100.0,58.64525691699608,156.71363636363574,0.0,False
23,0.115,112.19092627599252,96.37391304347899,299.79999999999876,25.01739130435137,100.0,56.09546313799626,149.89999999999938,0.0,False
24,0.12,107.51630434782616,92.35833333333403,287.30833333333214,23.975000000003398,100.0,53.75815217391308,143.65416666666607,0.0,False
25,0.125,103.21565217391311,88.66400000000067,275.8159999999989,23.01600000000326,100.0,51.60782608695656,137.90799999999945,0.0,False
26,0.13,99.24581939799337,85.25384615384681,265.2076923076912,22.130769230772366,100.0,49.622909698996686,132.6038461538456,0.0,False
27,0.135,95.5700483091788,82.09629629629691,255.38518518518418,21.31111111111413,100.0,47.7850241545894,127.69259259259209,0.0,False
28,0.14,92.15683229813672,79.16428571428631,246.2642857142847,20.55000000000291,100.0,46.07841614906836,123.13214285714236,0.0,False
29,0.145,88.97901049475267,76.43448275862127,237.7724137931025,19.841379310347637,100.0,44.489505247376336,118.88620689655124,0.0,False
30,0.15,86.01304347826093,73.88666666666722,229.84666666666573,19.180000000002718,100.0,43.00652173913046,114.92333333333286,0.0,False
31,0.155,83.23842917251058,71.50322580645215,222.43225806451522,18.561290322583275,100.0,41.61921458625529,111.21612903225761,0.0,False
32,0.16,80.63722826086962,69.26875000000052,215.48124999999914,17.981250000002547,100.0,40.31861413043481,107.74062499999957,0.0,False
33,0.165,78.1936758893281,67.16969696969748,208.95151515151431,17.436363636366107,100.0,39.09683794466405,104.47575757575716,0.0,False
34,0.17,75.89386189258317,65.19411764705931,202.80588235294036,16.923529411767102,100.0,37.94693094629159,101.40294117647018,0.0,False
35,0.17500000000000002,73.72546583850936,63.33142857142905,197.01142857142776,16.44000000000233,100.0,36.86273291925468,98.50571428571388,0.0,False
36,0.18,71.6775362318841,61.572222222222685,191.53888888888812,15.983333333335597,100.0,35.83876811594205,95.76944444444406,0.0,False
37,0.185,69.74030552291426,59.90810810810856,186.3621621621614,15.551351351353555,100.0,34.87015276145713,93.1810810810807,0.0,False
38,0.19,67.90503432494285,58.331578947368854,181.45789473684138,15.142105263160039,100.0,33.95251716247142,90.72894736842069,0.0,False
39,0.195,66.16387959866225,56.83589743589786,176.80512820512752,14.753846153848244,100.0,33.081939799331124,88.40256410256376,1.3175230566534915,True
40,0.2,64.5097826086957,55.41500000000041,172.3849999999993,14.385000000002037,100.0,32.25489130434785,86.19249999999965,4.874835309617918,True
41,0.20500000000000002,62.93637327677629,54.063414634146746,168.18048780487737,14.034146341465403,100.0,31.468186638388143,84.09024390243869,20.948616600790515,True
42,0.21,61.437888198757804,52.77619047619088,164.17619047618982,13.70000000000194,100.0,30.718944099378902,82.08809523809491,36.231884057971016,True
43,0.215,60.00910010111228,51.54883720930271,160.35813953488307,13.381395348839103,100.0,30.00455005055614,80.17906976744153,41.370223978919626,True
44,0.22,58.64525691699608,50.3772727272731,156.71363636363574,13.07727272727458,100.0,29.32262845849804,78.35681818181787,55.73122529644269,True
45,0.225,57.342028985507284,49.25777777777815,153.2311111111105,12.786666666668477,100.0,28.671014492753642,76.61555555555525,70.4874835309618,True
46,0.23,56.09546313799626,48.186956521739496,149.89999999999938,12.508695652175685,100.0,28.04773156899813,74.94999999999969,72.46376811594203,True
47,0.23500000000000001,54.90194264569846,47.161702127659936,146.71063829787175,12.242553191491096,100.0,27.45097132284923,73.35531914893588,75.75757575757575,True
48,0.24,53.75815217391308,46.179166666667015,143.65416666666607,11.987500000001699,100.0,26.87907608695654,71.82708333333304,81.81818181818183,True
49,0.245,52.6610470275067,45.23673469387789,140.72244897959126,11.742857142858806,100.0,26.33052351375335,70.36122448979563,83.13570487483531,True
50,0.25,51.60782608695656,44.332000000000335,137.90799999999945,11.50800000000163,100.0,25.80391304347828,68.95399999999972,88.66930171277997,True
51,0.255,50.59590792838878,43.46274509803955,135.2039215686269,11.282352941178068,100.0,25.29795396419439,67.60196078431345,94.46640316205533,True
52,0.26,49.622909698996686,42.626923076923404,132.6038461538456,11.065384615386183,100.0,24.811454849498343,66.3019230769228,99.7364953886693,True
53,0.265,48.686628383921274,41.82264150943428,130.10188679245232,10.856603773586443,100.0,24.343314191960637,65.05094339622616,99.7364953886693,True
54,0.27,47.7850241545894,41.04814814814846,127.69259259259209,10.655555555557065,100.0,23.8925120772947,63.846296296296046,100.0,True
55,0.275,46.916205533596866,40.30181818181849,125.37090909090858,10.461818181819664,100.0,23.458102766798433,62.68545454545429,100.0,True
56,0.28,46.07841614906836,39.582142857143154,123.13214285714236,10.275000000001455,100.0,23.03920807453418,61.56607142857118,100.0,True
57,0.28500000000000003,45.270022883295226,38.88771929824591,120.9719298245609,10.094736842106693,100.0,22.635011441647613,60.48596491228045,100.0,True
58,0.29,44.489505247376336,38.217241379310636,118.88620689655124,9.920689655173819,100.0,22.244752623688168,59.44310344827562,100.0,True
59,0.295,43.73544583640387,37.56949152542401,116.87118644067749,9.752542372882738,100.0,21.867722918201935,58.435593220338745,100.0,True
60,0.3,43.00652173913046,36.94333333333361,114.92333333333286,9.590000000001359,100.0,21.50326086956523,57.46166666666643,100.0,True
61,0.305,42.30149679258734,36.33770491803306,113.03934426229463,9.432786885247237,100.0,21.15074839629367,56.51967213114732,100.0,True
62,0.31,41.61921458625529,35.751612903226075,111.21612903225761,9.280645161291638,100.0,20.809607293127645,55.608064516128806,100.0,True
63,0.315,40.9585921325052,35.18412698412725,109.45079365079322,9.133333333334628,100.0,20.4792960662526,54.72539682539661,100.0,True
64,0.32,40.31861413043481,34.63437500000026,107.74062499999957,8.990625000001273,100.0,20.159307065217405,53.870312499999784,100.0,True
65,0.325,39.698327759197355,34.101538461538716,106.0830769230765,8.852307692308946,100.0,19.849163879598677,53.04153846153825,100.0,True
66,0.33,39.09683794466405,33.58484848484874,104.47575757575716,8.718181818183053,100.0,19.548418972332026,52.23787878787858,100.0,True
67,0.335,38.513303049967575,33.083582089552486,102.91641791044735,8.588059701493753,100.0,19.256651524983788,51.458208955223675,100.0,True
68,0.34,37.94693094629159,32.59705882352966,101.40294117647018,8.461764705883551,100.0,18.973465473145794,50.70147058823509,100.0,True
69,0.34500000000000003,37.39697542533084,32.12463768115966,99.93333333333293,8.33913043478379,100.0,18.69848771266542,49.96666666666646,100.0,True
70,0.35000000000000003,36.86273291925468,31.665714285714525,98.50571428571388,8.220000000001164,100.0,18.43136645962734,49.25285714285694,100.0,True
71,0.355,36.34353949785673,31.21971830985939,97.11830985915454,8.104225352113824,100.0,18.171769748928366,48.55915492957727,100.0,True
72,0.36,35.83876811594205,30.786111111111342,95.76944444444406,7.991666666667799,100.0,17.919384057971026,47.88472222222203,100.0,True
73,0.365,35.34782608695654,30.364383561644065,94.45753424657497,7.8821917808230335,100.0,17.67391304347827,47.22876712328748,100.0,True
74,0.37,34.87015276145713,29.95405405405428,93.1810810810807,7.775675675676777,100.0,17.435076380728564,46.59054054054035,100.0,True
75,0.375,34.40521739130437,29.55466666666689,91.93866666666631,7.672000000001086,100.0,17.202608695652184,45.969333333333154,100.0,True
76,0.38,33.95251716247142,29.165789473684427,90.72894736842069,7.571052631580019,100.0,16.97625858123571,45.364473684210346,100.0,True
77,0.385,33.511575381140624,28.787012987013206,89.550649350649,7.472727272728331,100.0,16.755787690570312,44.7753246753245,100.0,True
78,0.39,33.081939799331124,28.41794871794893,88.40256410256376,7.376923076924122,100.0,16.540969899665562,44.20128205128188,100.0,True
79,0.395,32.663181067694026,28.05822784810148,87.28354430379713,7.2835443037985,100.0,16.331590533847013,43.641772151898564,100.0,True
80,0.4,32.25489130434785,27.707500000000206,86.19249999999965,7.192500000001019,100.0,16.127445652173925,43.09624999999983,100.0,True
81,0.405,31.856682769726266,27.36543209876564,85.12839506172806,7.10370370370471,100.0,15.928341384863133,42.56419753086403,100.0,True
82,0.41000000000000003,31.468186638388143,27.031707317073373,84.09024390243869,7.017073170732702,100.0,15.734093319194072,42.04512195121934,100.0,True
83,0.41500000000000004,31.089051859612386,26.706024096385743,83.07710843373461,6.932530120482909,100.0,15.544525929806193,41.538554216867304,100.0,True
84,0.42,30.718944099378902,26.38809523809544,82.08809523809491,6.85000000000097,100.0,15.359472049689451,41.044047619047454,100.0,True
85,0.425,30.357544757033267,26.07764705882373,81.12235294117615,6.769411764706841,100.0,15.178772378516634,40.56117647058807,100.0,True
86,0.43,30.00455005055614,25.774418604651355,80.17906976744153,6.690697674419551,100.0,15.00227502527807,40.089534883720766,100.0,True
87,0.435,29.65967016491756,25.47816091954042,79.2574712643675,6.613793103449213,100.0,14.82983508245878,39.62873563218375,100.0,True
88,0.44,29.32262845849804,25.18863636363655,78.35681818181787,6.53863636363729,100.0,14.66131422924902,39.178409090908936,100.0,True
89,0.445,28.9931607230093,24.905617977528276,77.47640449438171,6.465168539326759,100.0,14.49658036150465,38.738202247190856,100.0,True
90,0.45,28.671014492753642,24.628888888889076,76.61555555555525,6.393333333334239,100.0,14.335507246376821,38.30777777777762,100.0,True
91,0.455,28.355948399426676,24.35824175824194,75.77362637362607,6.323076923077818,100.0,14.177974199713338,37.886813186813036,100.0,True
92,0.46,28.04773156899813,24.093478260869748,74.94999999999969,6.254347826087843,100.0,14.023865784499066,37.474999999999845,100.0,True
93,0.465,27.746143057503524,23.834408602150717,74.14408602150509,6.1870967741944245,100.0,13.873071528751762,37.072043010752544,100.0,True
94,0.47000000000000003,27.45097132284923,23.580851063829968,73.35531914893588,6.121276595745548,100.0,13.725485661424615,36.67765957446794,100.0,True
95,0.47500000000000003,27.162013729977136,23.332631578947545,72.58315789473654,6.056842105264016,100.0,13.581006864988568,36.29157894736827,100.0,True
96,0.48,26.87907608695654,23.089583333333508,71.82708333333304,5.9937500000008495,100.0,13.43953804347827,35.91354166666652,100.0,True
97,0.485,26.601972209771418,22.85154639175275,71.08659793814405,5.931958762887438,100.0,13.300986104885709,35.543298969072026,100.0,True
98,0.49,26.33052351375335,22.618367346938946,70.36122448979563,5.871428571429403,100.0,13.165261756876674,35.180612244897816,100.0,True
99,0.495,26.06455862977604,22.38989898989916,69.65050505050478,5.812121212122035,100.0,13.03227931488802,34.82525252525239,100.0,True
100,0.5,25.80391304347828,22.166000000000167,68.95399999999972,5.754000000000815,100.0,12.90195652173914,34.47699999999986,100.0,True
110,0.55,23.458102766798433,20.150909090909245,62.68545454545429,5.230909090909832,100.0,11.729051383399216,31.342727272727146,100.0,True
120,0.6,21.50326086956523,18.471666666666806,57.46166666666643,4.795000000000679,100.0,10.751630434782616,28.730833333333216,100.0,True
130,0.65,19.849163879598677,17.050769230769358,53.04153846153825,4.426153846154473,100.0,9.924581939799339,26.520769230769126,100.0,True
140,0.7000000000000001,18.43136645962734,15.832857142857263,49.25285714285694,4.110000000000582,100.0,9.21568322981367,24.62642857142847,100.0,True
150,0.75,17.202608695652184,14.777333333333445,45.969333333333154,3.836000000000543,100.0,8.601304347826092,22.984666666666577,100.0,True
160,0.8,16.127445652173925,13.853750000000103,43.09624999999983,3.5962500000005093,100.0,8.063722826086963,21.548124999999914,100.0,True
170,0.85,15.178772378516634,13.038823529411864,40.56117647058807,3.3847058823534204,100.0,7.589386189258317,20.280588235294037,100.0,True
180,0.9,14.335507246376821,12.314444444444538,38.30777777777762,3.1966666666671193,100.0,7.1677536231884105,19.15388888888881,100.0,True
190,0.9500000000000001,13.581006864988568,11.666315789473773,36.29157894736827,3.028421052632008,100.0,6.790503432494284,18.145789473684136,100.0,True
200,1.0,12.90195652173914,11.083000000000084,34.47699999999986,2.8770000000004075,100.0,6.45097826086957,17.23849999999993,100.0,True
210,1.05,12.287577639751563,10.555238095238174,32.83523809523796,2.740000000000388,100.0,6.143788819875781,16.41761904761898,100.0,True
220,1.1,11.729051383399216,10.075454545454622,31.342727272727146,2.615454545454916,100.0,5.864525691699608,15.671363636363573,100.0,True
230,1.1500000000000001,11.21909262759925,9.637391304347899,29.97999999999988,2.501739130435137,100.0,5.609546313799625,14.98999999999994,100.0,True
240,1.2,10.751630434782616,9.235833333333403,28.730833333333216,2.3975000000003397,100.0,5.375815217391308,14.365416666666608,100.0,True
250,1.25,10.32156521739131,8.866400000000068,27.581599999999888,2.301600000000326,100.0,5.160782608695655,13.790799999999944,100.0,True
260,1.3,9.924581939799339,8.525384615384679,26.520769230769126,2.2130769230772365,100.0,4.962290969899669,13.260384615384563,100.0,True
270,1.35,9.557004830917881,8.209629629629692,25.538518518518416,2.1311111111114127,100.0,4.778502415458941,12.769259259259208,100.0,True
280,1.4000000000000001,9.21568322981367,7.916428571428631,24.62642857142847,2.055000000000291,100.0,4.607841614906835,12.313214285714235,100.0,True
290,1.45,8.897901049475267,7.643448275862126,23.777241379310247,1.984137931034764,100.0,4.448950524737634,11.888620689655124,100.0,True
300,1.5,8.601304347826092,7.3886666666667224,22.984666666666577,1.9180000000002715,100.0,4.300652173913046,11.492333333333288,100.0,True
310,1.55,8.323842917251056,7.1503225806452155,22.243225806451523,1.8561290322583273,100.0,4.161921458625528,11.121612903225762,100.0,True
320,1.6,8.063722826086963,6.926875000000051,21.548124999999914,1.7981250000002547,100.0,4.031861413043481,10.774062499999957,100.0,True
330,1.6500000000000001,7.819367588932812,6.716969696969747,20.89515151515143,1.7436363636366106,100.0,3.909683794466406,10.447575757575715,100.0,True
340,1.7,7.589386189258317,6.519411764705932,20.280588235294037,1.6923529411767102,100.0,3.7946930946291584,10.140294117647018,100.0,True
350,1.75,7.372546583850937,6.333142857142906,19.701142857142777,1.6440000000002328,100.0,3.6862732919254686,9.850571428571389,100.0,True
360,1.8,7.1677536231884105,6.157222222222269,19.15388888888881,1.5983333333335596,100.0,3.5838768115942052,9.576944444444406,100.0,True
370,1.85,6.974030552291426,5.9908108108108555,18.63621621621614,1.5551351351353553,100.0,3.487015276145713,9.31810810810807,100.0,True
380,1.9000000000000001,6.790503432494284,5.833157894736886,18.145789473684136,1.514210526316004,100.0,3.395251716247142,9.072894736842068,100.0,True
390,1.95,6.616387959866226,5.683589743589787,17.68051282051275,1.4753846153848245,100.0,3.308193979933113,8.840256410256375,100.0,True
400,2.0,6.45097826086957,5.541500000000042,17.23849999999993,1.4385000000002037,100.0,3.225489130434785,8.619249999999965,100.0,True
410,2.05,6.2936373276776285,5.406341463414675,16.818048780487736,1.40341463414654,100.0,3.1468186638388143,8.409024390243868,100.0,True
420,2.1,6.143788819875781,5.277619047619087,16.41761904761898,1.370000000000194,100.0,3.0718944099378906,8.20880952380949,100.0,True
430,2.15,6.0009100101112285,5.154883720930272,16.035813953488308,1.3381395348839105,100.0,3.0004550050556142,8.017906976744154,100.0,True
440,2.2,5.864525691699608,5.037727272727311,15.671363636363573,1.307727272727458,100.0,2.932262845849804,7.835681818181786,100.0,True
450,2.25,5.734202898550729,4.925777777777815,15.323111111111048,1.2786666666668478,100.0,2.8671014492753644,7.661555555555524,100.0,True
460,2.3000000000000003,5.609546313799625,4.8186956521739495,14.98999999999994,1.2508695652175685,100.0,2.8047731568998127,7.49499999999997,100.0,True
470,2.35,5.490194264569848,4.716170212765993,14.671063829787176,1.2242553191491095,100.0,2.745097132284924,7.335531914893588,100.0,True
480,2.4,5.375815217391308,4.6179166666667015,14.365416666666608,1.1987500000001698,100.0,2.687907608695654,7.182708333333304,100.0,True
490,2.45,5.266104702750669,4.52367346938779,14.072244897959127,1.1742857142858805,100.0,2.6330523513753343,7.0361224489795635,100.0,True
500,2.5,5.160782608695655,4.433200000000034,13.790799999999944,1.150800000000163,100.0,2.5803913043478275,6.895399999999972,100.0,True
510,2.5500000000000003,5.059590792838878,4.346274509803955,13.52039215686269,1.1282352941178069,100.0,2.529795396419439,6.760196078431345,100.0,True
520,2.6,4.962290969899669,4.2626923076923395,13.260384615384563,1.1065384615386182,100.0,2.4811454849498347,6.6301923076922815,100.0,True
530,2.65,4.868662838392128,4.182264150943428,13.01018867924523,1.0856603773586442,100.0,2.434331419196064,6.505094339622615,100.0,True
540,2.7,4.778502415458941,4.104814814814846,12.769259259259208,1.0655555555557064,100.0,2.3892512077294703,6.384629629629604,100.0,True
550,2.75,4.691620553359686,4.030181818181848,12.537090909090859,1.0461818181819662,100.0,2.345810276679843,6.268545454545429,100.0,True
560,2.8000000000000003,4.607841614906835,3.9582142857143157,12.313214285714235,1.0275000000001455,100.0,2.3039208074534177,6.156607142857117,100.0,True
570,2.85,4.5270022883295225,3.888771929824591,12.097192982456093,1.0094736842106693,100.0,2.2635011441647612,6.0485964912280465,100.0,True
580,2.9,4.448950524737634,3.821724137931063,11.888620689655124,0.992068965517382,99.86824769433466,2.224475262368817,5.944310344827562,100.0,True
590,2.95,4.373544583640387,3.7569491525424015,11.68711864406775,0.9752542372882737,99.86824769433466,2.1867722918201933,5.843559322033875,100.0,True
600,3.0,4.300652173913046,3.6943333333333612,11.492333333333288,0.9590000000001357,99.86824769433466,2.150326086956523,5.746166666666644,100.0,True
610,3.0500000000000003,4.230149679258734,3.6337704918033067,11.303934426229462,0.9432786885247237,99.86824769433466,2.115074839629367,5.651967213114731,100.0,True
620,3.1,4.161921458625528,3.5751612903226078,11.121612903225762,0.9280645161291636,99.86824769433466,2.080960729312764,5.560806451612881,100.0,True
630,3.15,4.09585921325052,3.5184126984127246,10.945079365079321,0.9133333333334628,99.4729907773386,2.04792960662526,5.472539682539661,100.0,True
640,3.2,4.031861413043481,3.4634375000000257,10.774062499999957,0.8990625000001273,99.34123847167325,2.0159307065217407,5.387031249999978,100.0,True
650,3.25,3.9698327759197354,3.4101538461538716,10.608307692307651,0.8852307692308946,99.07773386034255,1.9849163879598677,5.304153846153826,100.0,True
660,3.3000000000000003,3.909683794466406,3.3584848484848737,10.447575757575715,0.8718181818183053,99.07773386034255,1.954841897233203,5.223787878787857,100.0,True
670,3.35,3.8513303049967584,3.3083582089552492,10.291641791044736,0.8588059701493754,98.81422924901186,1.9256651524983792,5.145820895522368,100.0,True
680,3.4,3.7946930946291584,3.259705882352966,10.140294117647018,0.8461764705883551,98.68247694334651,1.8973465473145792,5.070147058823509,100.0,True
690,3.45,3.7396975425330843,3.212463768115966,9.993333333333293,0.8339130434783789,98.68247694334651,1.8698487712665421,4.996666666666647,100.0,True
700,3.5,3.6862732919254686,3.166571428571453,9.850571428571389,0.8220000000001164,98.55072463768117,1.8431366459627343,4.925285714285694,100.0,True
710,3.5500000000000003,3.634353949785673,3.121971830985939,9.711830985915453,0.8104225352113824,98.41897233201581,1.8171769748928366,4.855915492957727,100.0,True
720,3.6,3.5838768115942052,3.0786111111111345,9.576944444444406,0.7991666666667798,98.41897233201581,1.7919384057971026,4.788472222222203,100.0,True
730,3.65,3.5347826086956546,3.036438356164407,9.445753424657497,0.7882191780823035,98.41897233201581,1.7673913043478273,4.722876712328748,100.0,True
740,3.7,3.487015276145713,2.9954054054054278,9.31810810810807,0.7775675675676776,97.89196310935442,1.7435076380728565,4.659054054054035,100.0,True
750,3.75,3.440521739130437,2.955466666666689,9.19386666666663,0.7672000000001087,97.49670619235836,1.7202608695652184,4.596933333333315,100.0,True
760,3.8000000000000003,3.395251716247142,2.916578947368443,9.072894736842068,0.757105263158002,97.23320158102767,1.697625858123571,4.536447368421034,100.0,True
770,3.85,3.3511575381140624,2.8787012987013205,8.955064935064899,0.7472727272728331,96.96969696969697,1.6755787690570312,4.477532467532449,100.0,True
780,3.9,3.308193979933113,2.8417948717948933,8.840256410256375,0.7376923076924122,96.83794466403161,1.6540969899665565,4.420128205128187,100.0,True
790,3.95,3.266318106769402,2.8058227848101476,8.728354430379712,0.7283544303798499,96.70619235836627,1.633159053384701,4.364177215189856,100.0,True
800,4.0,3.225489130434785,2.770750000000021,8.619249999999965,0.7192500000001019,96.70619235836627,1.6127445652173924,4.309624999999983,100.0,True
810,4.05,3.1856682769726268,2.736543209876564,8.512839506172805,0.7103703703704709,96.44268774703558,1.5928341384863134,4.256419753086402,100.0,True
820,4.1,3.1468186638388143,2.7031707317073375,8.409024390243868,0.70170731707327,96.44268774703558,1.5734093319194071,4.204512195121934,100.0,True
830,4.15,3.108905185961238,2.6706024096385743,8.30771084337346,0.6932530120482909,96.44268774703558,1.554452592980619,4.15385542168673,100.0,True
840,4.2,3.0718944099378906,2.6388095238095435,8.20880952380949,0.685000000000097,96.17918313570487,1.5359472049689453,4.104404761904745,100.0,True
850,4.25,3.0357544757033272,2.6077647058823725,8.112235294117614,0.6769411764706841,96.04743083003953,1.5178772378516636,4.056117647058807,100.0,True
860,4.3,3.0004550050556142,2.577441860465136,8.017906976744154,0.6690697674419552,96.04743083003953,1.5002275025278071,4.008953488372077,100.0,True
870,4.3500000000000005,2.965967016491756,2.5478160919540422,7.925747126436749,0.6613793103449213,96.04743083003953,1.482983508245878,3.9628735632183747,100.0,True
880,4.4,2.932262845849804,2.5188636363636556,7.835681818181786,0.653863636363729,95.78392621870883,1.466131422924902,3.917840909090893,100.0,True
890,4.45,2.8993160723009304,2.490561797752828,7.747640449438172,0.6465168539326758,95.65217391304348,1.4496580361504652,3.873820224719086,100.0,True
900,4.5,2.8671014492753644,2.4628888888889073,7.661555555555524,0.6393333333334239,95.25691699604744,1.4335507246376822,3.830777777777762,100.0,True
910,4.55,2.835594839942668,2.435824175824194,7.577362637362607,0.6323076923077818,95.25691699604744,1.417797419971334,3.7886813186813035,100.0,True
920,4.6000000000000005,2.8047731568998127,2.4093478260869747,7.49499999999997,0.6254347826087843,95.12516469038208,1.4023865784499063,3.747499999999985,100.0,True
930,4.65,2.7746143057503527,2.3834408602150714,7.414408602150507,0.6187096774194424,94.72990777338603,1.3873071528751764,3.7072043010752536,100.0,True
940,4.7,2.745097132284924,2.3580851063829966,7.335531914893588,0.6121276595745547,94.46640316205533,1.372548566142462,3.667765957446794,100.0,True
950,4.75,2.716201372997714,2.3332631578947547,7.258315789473656,0.6056842105264016,94.20289855072464,1.358100686498857,3.629157894736828,100.0,True
960,4.8,2.687907608695654,2.3089583333333508,7.182708333333304,0.5993750000000849,93.93939393939394,1.343953804347827,3.591354166666652,100.0,True
970,4.8500000000000005,2.6601972209771425,2.285154639175275,7.108659793814405,0.5931958762887438,93.93939393939394,1.3300986104885713,3.5543298969072024,100.0,True
980,4.9,2.6330523513753343,2.261836734693895,7.0361224489795635,0.5871428571429402,93.54413702239789,1.3165261756876672,3.5180612244897818,100.0,True
990,4.95,2.6064558629776036,2.238989898989916,6.965050505050477,0.5812121212122036,93.41238471673255,1.3032279314888018,3.4825252525252384,100.0,True
1000,5.0,2.5803913043478275,2.216600000000017,6.895399999999972,0.5754000000000815,93.41238471673255,1.2901956521739137,3.447699999999986,100.0,True
1100,5.5,2.345810276679843,2.015090909090924,6.268545454545429,0.5230909090909831,91.9631093544137,1.1729051383399216,3.1342727272727147,100.0,True
1200,6.0,2.1509578392621886,1.8471666666666806,5.746166666666644,0.5178333333333285,88.80105401844533,1.0754789196310943,2.873083333333322,100.0,True
1300,6.5,1.9893473193473212,1.7050769230769358,5.304153846153826,0.5121538461538037,85.63899868247694,0.9946736596736606,2.652076923076913,100.0,True
1400,7.0,1.8498012422360264,1.5832857142857264,4.925285714285694,0.5045714285714504,81.55467720685112,0.9249006211180132,2.462642857142847,100.0,True
1500,7.5,1.7316525252525268,1.4777333333333444,4.596933333333315,0.501466666666723,77.2068511198946,0.8658262626262634,2.2984666666666573,100.0,True
1600,8.0,1.6272083333333345,1.3853750000000105,4.309624999999983,0.5003749999999627,72.33201581027669,0.8136041666666672,2.1548124999999914,100.0,True
1700,8.5,1.5346821669379231,1.3038823529411863,4.056117647058807,0.5145882352940937,68.77470355731225,0.7673410834689616,2.0280588235294035,100.0,True
1800,9.0,1.4537338603425571,1.2314444444444537,3.830777777777762,0.5102222222221827,64.03162055335969,0.7268669301712786,1.915388888888881,100.0,True
1900,9.5,1.383692115664657,1.1666315789473773,3.629157894736828,0.5022105263157611,59.81554677206851,0.6918460578323286,1.814578947368414,100.0,True
2000,10.0,1.3200466403162072,1.1083000000000085,3.447699999999986,0.5004000000000816,56.38998682476944,0.6600233201581036,1.723849999999993,100.0,True
2100,10.5,1.2610425999121668,1.0555238095238175,3.2835238095237966,0.502952380952376,52.83267457180501,0.6305212999560834,1.6417619047618983,100.0,True
2200,11.0,1.2090586896634343,1.007545454545462,3.1342727272727147,0.5003636363636278,50.329380764163375,0.6045293448317172,1.5671363636363573,100.0,True
2300,11.5,1.1648286647190254,0.9752173913042814,2.997999999999988,0.5008695652173313,47.03557312252965,0.5824143323595127,1.498999999999994,100.0,True
2400,12.0,1.1288277338603439,0.9539999999999509,2.873083333333322,0.5039999999999812,45.059288537549406,0.5644138669301719,1.436541666666661,100.0,True
2500,12.5,1.0930053227931502,0.931600000000035,2.758159999999989,0.5001599999999599,42.16073781291173,0.5465026613965751,1.3790799999999945,100.0,True
2600,13.0,1.061253673862371,0.9203846153846266,2.652076923076913,0.5011538461538714,39.789196310935445,0.5306268369311855,1.3260384615384564,100.0,True
2700,13.5,1.0342467183916475,0.9119259259259034,2.5538518518518414,0.5020740740740923,37.02239789196311,0.5171233591958238,1.2769259259259207,100.0,True
2800,14.0,1.011147844908716,0.8955714285714619,2.462642857142847,0.5004999999999719,35.046113306982875,0.505573922454358,1.2313214285714236,100.0,True
2900,14.5,0.9900438871473365,0.8834482758620967,2.377724137931025,0.5009655172413879,33.59683794466403,0.49502194357366824,1.1888620689655125,100.0,True
3000,15.0,0.9714180061484421,0.8834666666666331,2.2984666666666573,0.5011333333333824,32.14756258234519,0.48570900307422105,1.1492333333333287,100.0,True
3100,15.5,0.9574877810361695,0.8790322580645162,2.2243225806451523,0.5003870967742137,29.64426877470356,0.47874389051808475,1.1121612903225762,100.0,True
3200,16.0,0.9410220685112001,0.8720000000000141,2.1548124999999914,0.5010624999999891,27.66798418972332,0.47051103425560004,1.0774062499999957,100.0,True
3300,16.5,0.9248996686229899,0.8612727272727142,2.089515151515143,0.5003636363636002,26.08695652173913,0.46244983431149495,1.0447575757575716,100.0,True
3400,17.0,0.9096411687204539,0.856529411764688,2.0280588235294035,0.5000588235294238,25.03293807641634,0.45482058436022693,1.0140294117647017,100.0,True
3500,17.5,0.8973588556371175,0.8529142857143598,1.9701142857142777,0.5007428571428526,24.110671936758894,0.44867942781855874,0.9850571428571389,100.0,True
3600,18.0,0.8921519543258681,0.8484444444443903,1.915388888888881,0.5005000000000009,22.793148880105402,0.44607597716293407,0.9576944444444405,100.0,True
3700,18.5,0.8835370152761466,0.8422702702702884,1.8636216216216144,0.5004324324324222,20.948616600790515,0.4417685076380733,0.9318108108108072,100.0,True
3800,19.0,0.8785557866999523,0.8472631578947823,1.814578947368414,0.5010000000000123,19.894598155467722,0.43927789334997613,0.907289473684207,100.0,True
3900,19.5,0.8702399918921667,0.8502564102564065,1.768051282051275,0.5008205128205168,18.972332015810274,0.43511999594608336,0.8840256410256375,100.0,True
4000,20.0,0.8624113306982882,0.8489999999999782,1.723849999999993,0.5003000000000156,17.25955204216074,0.4312056653491441,0.8619249999999965,100.0,True
4100,20.5,0.8535440084835646,0.8491707317072901,1.681804878048774,0.5011219512195189,16.469038208168644,0.4267720042417823,0.840902439024387,100.0,True
4200,21.0,0.8509123533471373,0.8471428571428987,1.6417619047618983,0.5020952380952318,15.678524374176547,0.42545617667356866,0.8208809523809492,100.0,True
4300,21.5,0.8453940619542247,0.8437209302325733,1.603581395348831,0.5011627906976999,14.492753623188406,0.42269703097711236,0.8017906976744155,100.0,True
4400,22.0,0.837896514552642,0.8368636363635976,1.5671363636363573,0.5006818181818331,13.438735177865613,0.418948257276321,0.7835681818181787,100.0,True
4500,22.5,0.8363790953008354,0.8340000000000146,1.532311111111105,0.500533333333341,11.594202898550725,0.4181895476504177,0.7661555555555525,100.0,True
4600,23.0,0.8347823795612086,0.8347826086956839,1.498999999999994,0.5002173913043526,10.276679841897234,0.4173911897806043,0.749499999999997,100.0,True
4700,23.5,0.8326348218540643,0.8401276595743686,1.4671063829787174,0.5004255319149029,8.563899868247695,0.41631741092703217,0.7335531914893587,100.0,True
4800,24.0,0.8282621870882751,0.8391666666666803,1.436541666666661,0.5001666666667007,7.5098814229249005,0.4141310935441376,0.7182708333333305,100.0,True
4900,24.5,0.8256732005054999,0.8435918367346803,1.4072244897959127,0.5008979591836709,6.982872200263504,0.41283660025274993,0.7036122448979564,100.0,True
5000,25.0,0.8235143083003965,0.8406000000000861,1.3790799999999945,0.5019200000000091,5.665349143610013,0.41175715415019826,0.6895399999999973,100.0,True
5500,27.5,0.8190464486764892,0.8354181818181214,1.2537090909090858,0.5014545454545442,3.557312252964427,0.4095232243382446,0.6268545454545429,100.0,True
6000,30.0,0.8156253403601241,0.834000000000136,1.1492333333333287,0.5006333333333411,2.1080368906455864,0.40781267018006206,0.5746166666666643,100.0,True
6500,32.5,0.8246296949427396,0.8473846153846422,1.060830769230765,0.5027076923076843,0.922266139657444,0.4123148474713698,0.5304153846153825,100.0,True
7000,35.0,0.8188453604366661,0.8507142857143013,0.9997714285714859,0.5008571428571357,0.0,0.40942268021833306,0.49988571428574297,100.0,True
7500,37.5,0.8296094861660089,0.8585600000000462,0.9998666666666396,0.5013866666666824,0.0,0.41480474308300447,0.4999333333333198,100.0,True
8000,40.0,0.8357102108036903,0.8729499999999916,0.9999749999999721,0.5005499999999983,0.0,0.4178551054018452,0.49998749999998604,100.0,True
8500,42.5,0.8392945516546554,0.8761411764706067,0.9990588235295625,0.5010352941176655,0.0,0.4196472758273277,0.4995294117647813,100.0,True
9000,45.0,0.8507551163812046,0.8824000000000122,0.9998666666666394,0.5002444444444337,0.0,0.4253775581906023,0.4999333333333197,100.0,True
9500,47.5,0.8657776298453659,0.8979789473683539,0.9995789473684884,0.5030526315789374,0.0,0.43288881492268294,0.4997894736842442,100.0,True
10000,50.0,0.8761528326745731,0.9028800000000049,0.9997800000000279,0.5015200000000005,0.0,0.43807641633728656,0.49989000000001393,100.0,True
