pos_id,entry_deal_id,exit_deal_id,entry_ticket,exit_ticket,entry_time,exit_time,direction,entry_price,exit_price,sl,tp,stop_dist,volume,net_pnl,balance,exit_reason
1,3,9,5,11,2025-10-01 17:00:00,2025-10-01 18:00:30,buy,3871.021,3859.002,3858.56,3895.943,12.46100000000024,0.01,-12.08,2987.92,sl 3859.006
2,4,10,6,12,2025-10-01 17:05:00,2025-10-01 18:00:30,buy,3871.078,3859.002,3859.006,3895.222,12.072000000000116,0.01,-10.5,2977.42,sl 3859.006
3,5,11,7,13,2025-10-01 17:10:00,2025-10-01 18:00:30,buy,3869.5,3859.002,3859.006,3890.488,10.494000000000142,0.01,-11.06,2966.36,sl 3859.006
4,6,12,8,14,2025-10-01 17:15:00,2025-10-01 18:00:30,buy,3870.055,3859.002,3859.006,3892.153,11.048999999999978,0.01,-11.37,2954.9900000000002,sl 3859.006
5,7,13,9,15,2025-10-01 17:20:00,2025-10-01 18:00:30,buy,3870.367,3859.002,3859.006,3893.089,11.361000000000331,0.01,-12.55,2942.4399999999996,sl 3859.006
6,1,15,3,17,2025-10-01 16:50:00,2025-10-01 18:00:37,buy,3870.692,3858.538,3858.56,3894.956,12.132000000000062,0.01,-11.49,2918.8,sl 3858.560
7,2,16,4,18,2025-10-01 16:55:00,2025-10-01 18:00:37,buy,3870.031,3858.538,3858.56,3892.973,11.471000000000004,0.01,-12.48,2906.32,sl 3858.560
8,21,30,23,32,2025-10-07 07:30:00,2025-10-07 09:17:34,buy,3951.5,3959.795,3940.236,3974.028,11.264000000000124,0.01,15.52,2924.03,tp 3959.778
9,22,31,24,33,2025-10-07 08:05:00,2025-10-07 09:17:54,buy,3944.284,3960.626,3936.537,3959.778,7.747000000000298,0.01,15.3,2939.3300000000004,tp 3960.624
10,25,33,27,35,2025-10-07 08:25:00,2025-10-07 09:24:39,buy,3953.477,3962.418,3947.904,3964.623,5.572999999999865,0.02,23.17,2962.5,tp 3962.399
11,23,34,25,36,2025-10-07 08:10:00,2025-10-07 09:24:39,buy,3945.334,3962.439,3937.689,3960.624,7.644999999999982,0.01,15.86,2978.36,tp 3962.427
12,26,35,28,37,2025-10-07 08:30:00,2025-10-07 09:25:41,buy,3950.837,3963.442,3945.056,3962.399,5.780999999999949,0.02,22.62,3000.98,tp 3963.434
13,24,38,26,40,2025-10-07 08:15:00,2025-10-07 11:44:19,buy,3946.581,3964.642,3938.658,3962.427,7.923000000000229,0.01,22.33,3028.2,tp 3964.623
14,27,40,29,42,2025-10-07 08:35:00,2025-10-07 12:43:41,buy,3952.128,3973.147,3946.475,3963.434,5.653000000000247,0.02,18.27,3046.47,tp 3973.128
15,28,42,30,44,2025-10-07 09:10:00,2025-10-07 13:09:42,buy,3954.878,3985.241,3945.753,3973.128,9.125,0.01,26.33,3098.22,tp 3985.227
16,49,52,51,54,2025-10-10 16:10:00,2025-10-10 16:19:42,buy,3990.343,3977.813,3978.223,4014.628,12.11999999999989,0.01,-12.37,3097.87,sl 3977.827
17,55,60,57,62,2025-10-10 17:05:00,2025-10-10 18:14:38,buy,3980.637,3996.294,3970.648,4000.603,9.989000000000033,0.01,19.9,3105.77,tp 3996.286
18,56,62,58,64,2025-10-10 17:10:00,2025-10-10 18:21:40,buy,3976.393,4002.11,3966.466,3996.286,9.927000000000135,0.01,19.75,3145.5,tp 4002.102
19,57,63,59,65,2025-10-10 17:15:00,2025-10-10 18:22:38,buy,3982.356,4004.04,3972.483,4002.102,9.873000000000047,0.01,19.84,3165.34,tp 4004.011
20,58,64,60,66,2025-10-10 17:20:00,2025-10-10 18:23:41,buy,3984.195,4008.632,3974.287,4004.011,9.908000000000357,0.01,22.2,3187.54,tp 4008.599
21,65,70,67,72,2025-10-14 12:40:00,2025-10-14 13:00:30,buy,4110.78,4102.214,4102.222,4127.851,8.557999999999993,0.01,-15.07,3163.8999999999996,sl 4102.222
22,66,71,68,73,2025-10-14 12:45:00,2025-10-14 13:00:30,buy,4109.749,4102.214,4102.222,4124.803,7.527000000000044,0.02,-13.77,3150.13,sl 4102.222
23,67,72,69,74,2025-10-14 12:50:00,2025-10-14 13:00:39,buy,4109.098,4100.383,4102.222,4122.817,6.876000000000204,0.02,-13.62,3136.51,sl 4100.396
24,81,85,83,87,2025-10-14 18:45:00,2025-10-14 19:36:20,buy,4148.603,4142.588,4138.181,4169.447,10.42200000000048,0.01,-15.06,3121.4500000000003,sl 4142.621
25,82,86,84,88,2025-10-14 18:50:00,2025-10-14 19:36:20,buy,4150.12,4142.588,4142.621,4165.118,7.498999999999796,0.02,-11.65,3109.7999999999997,sl 4142.621
26,83,87,85,89,2025-10-14 19:00:00,2025-10-14 19:36:20,buy,4148.414,4142.588,4142.621,4160.0,5.792999999999665,0.02,-8.11,3101.69,sl 4142.621
27,76,88,78,90,2025-10-14 18:20:00,2025-10-14 19:36:42,buy,4144.702,4138.155,4132.129,4169.848,12.57300000000032,0.01,-15.12,3086.57,sl 4138.181
28,77,89,79,91,2025-10-14 18:25:00,2025-10-14 19:36:42,buy,4145.715,4138.155,4138.181,4160.783,7.53400000000056,0.02,-15.68,3070.8900000000003,sl 4138.181
29,78,90,80,92,2025-10-14 18:30:00,2025-10-14 19:36:42,buy,4145.994,4138.155,4138.181,4161.62,7.813000000000102,0.02,-8.01,3062.8799999999997,sl 4138.181
30,79,91,81,93,2025-10-14 18:35:00,2025-10-14 19:36:42,buy,4146.169,4138.155,4138.181,4162.145,7.988000000000284,0.01,-9.2,3053.6800000000003,sl 4138.181
31,80,92,82,94,2025-10-14 18:40:00,2025-10-14 19:36:42,buy,4147.361,4138.155,4138.181,4165.721,9.180000000000291,0.01,-10.44,3043.24,sl 4138.181
32,75,94,77,96,2025-10-14 18:10:00,2025-10-15 01:02:42,buy,4147.776,4169.87,4132.129,4179.07,15.646999999999935,0.01,25.17,3080.77,tp 4169.848
33,73,95,75,97,2025-10-14 17:50:00,2025-10-15 01:05:21,buy,4145.409,4175.072,4132.129,4171.969,13.279999999999745,0.01,28.63,3108.86,tp 4175.062
34,74,96,76,98,2025-10-14 17:55:00,2025-10-15 01:07:31,buy,4146.44,4179.077,4132.129,4175.062,14.310999999999694,0.01,31.3,3139.6200000000003,tp 4179.070
35,97,100,99,102,2025-10-24 18:40:00,2025-10-24 20:00:41,sell,4110.857,4102.278,4117.898,4096.775,7.041000000000167,0.02,24.64,3164.2599999999998,tp 4102.283
36,98,102,100,104,2025-10-24 19:15:00,2025-10-24 20:01:30,sell,4114.599,4102.142,4120.757,4102.283,6.157999999999447,0.02,24.2,3197.12,tp 4102.142
37,106,109,108,111,2025-10-27 07:15:00,2025-10-27 07:28:02,buy,4071.8,4066.378,4064.702,4085.996,7.097999999999956,0.02,-13.73,3183.73,sl 4066.389
38,110,114,112,116,2025-10-27 07:30:00,2025-10-27 08:21:31,buy,4068.55,4063.346,4061.605,4082.44,6.945000000000164,0.02,-13.99,3155.5200000000004,sl 4063.370
39,107,115,109,117,2025-10-27 07:20:00,2025-10-27 08:21:40,buy,4073.243,4062.655,4066.389,4086.951,6.8539999999998145,0.02,-13.29,3142.23,sl 4062.668
40,111,116,113,118,2025-10-27 07:35:00,2025-10-27 08:22:04,buy,4070.341,4062.095,4063.37,4084.283,6.971000000000004,0.02,-13.58,3128.65,sl 4062.099
41,118,121,120,123,2025-10-31 08:55:00,2025-10-31 12:47:39,buy,4007.92,4033.867,3994.722,4034.271,13.197999999999865,0.01,15.88,3130.63,tp 4033.850
42,123,128,125,130,2025-10-31 13:10:00,2025-10-31 13:32:40,buy,4029.406,4020.221,4020.226,4047.766,9.179999999999836,0.01,-11.17,3136.63,sl 4020.226
43,124,129,126,131,2025-10-31 13:15:00,2025-10-31 13:32:40,buy,4031.385,4020.221,4020.226,4053.703,11.159000000000106,0.01,-9.07,3127.56,sl 4020.226
44,119,130,121,132,2025-10-31 12:35:00,2025-10-31 13:37:40,buy,4017.99,4018.799,4010.06,4033.85,7.929999999999836,0.01,-15.12,3112.44,sl 4018.802
45,125,131,127,133,2025-10-31 13:20:00,2025-10-31 13:39:15,buy,4029.293,4016.373,4020.226,4047.427,9.067000000000007,0.01,-10.55,3101.89,sl 4016.379
46,134,138,136,140,2025-11-03 11:35:00,2025-11-03 12:48:29,sell,4003.882,4011.407,4010.088,3991.47,6.206000000000131,0.02,-12.63,3065.64,sl 4011.376
47,135,139,137,141,2025-11-03 11:40:00,2025-11-03 12:48:42,sell,4005.091,4013.014,4011.376,3992.521,6.285000000000309,0.02,-12.39,3053.25,sl 4012.992
48,142,146,144,148,2025-11-06 14:25:00,2025-11-06 15:03:14,buy,3995.276,3981.577,3981.584,4022.66,13.692000000000007,0.01,-10.44,3069.69,sl 3981.584
49,149,152,151,154,2025-11-06 17:15:00,2025-11-07 06:50:21,buy,3978.925,4004.682,3964.543,4007.689,14.382000000000062,0.01,26.76,3067.0000000000005,tp 4004.665
50,148,153,150,155,2025-11-06 17:10:00,2025-11-07 06:53:32,buy,3983.703,4007.689,3969.492,4012.125,14.210999999999785,0.01,28.76,3095.2200000000003,tp 4007.689
51,154,157,156,159,2025-11-12 14:20:00,2025-11-12 14:33:42,buy,4133.018,4127.01,4127.151,4144.752,5.867000000000189,0.02,-11.52,3071.94,sl 4127.011
52,158,163,160,165,2025-11-12 14:35:00,2025-11-12 15:11:30,buy,4127.609,4155.978,4119.089,4144.661,8.520000000000437,0.01,20.2,3109.21,tp 4155.965
53,159,164,161,166,2025-11-12 14:40:00,2025-11-12 15:11:39,buy,4135.777,4157.801,4125.704,4155.965,10.07300000000032,0.01,21.4,3130.61,tp 4157.780
54,160,165,162,167,2025-11-12 14:45:00,2025-11-12 15:11:42,buy,4136.396,4159.026,4125.704,4157.78,10.692000000000007,0.01,22.22,3152.83,tp 4159.013
55,166,169,168,171,2025-11-13 16:45:00,2025-11-13 18:31:21,buy,4197.788,4183.497,4186.573,4220.215,11.214999999999236,0.01,-15.2,3126.4100000000003,sl 4183.505
56,170,173,172,175,2025-11-17 12:50:00,2025-11-17 13:09:41,buy,4080.316,4081.861,4071.687,4097.574,8.628999999999905,0.01,-11.23,3118.31,sl 4081.863
57,174,180,176,182,2025-11-18 13:55:00,2025-11-18 15:50:41,sell,4068.976,4051.203,4082.387,4042.154,13.411000000000058,0.01,26.43,3143.0299999999997,tp 4051.218
58,176,181,178,183,2025-11-18 14:45:00,2025-11-18 15:51:02,sell,4073.305,4050.628,4086.322,4047.235,13.01700000000028,0.01,24.26,3167.2900000000004,tp 4050.646
59,175,182,177,184,2025-11-18 14:40:00,2025-11-18 16:02:39,sell,4077.634,4047.212,4090.857,4051.218,13.222999999999956,0.01,26.1,3193.39,tp 4047.235
60,177,185,179,187,2025-11-18 14:50:00,2025-11-18 17:40:39,sell,4074.894,4073.853,4087.015,4050.646,12.121000000000095,0.01,-12.32,3181.0699999999997,sl 4073.841
61,183,191,185,193,2025-11-18 17:35:00,2025-11-18 18:39:41,sell,4066.154,4072.191,4075.12,4048.222,8.965999999999894,0.01,-1.65,3170.45,sl 4072.172
62,189,192,191,194,2025-11-18 18:00:00,2025-11-18 19:13:31,sell,4071.481,4077.958,4080.045,4054.353,8.56399999999985,0.01,-8.52,3161.93,sl 4077.936
63,188,193,190,195,2025-11-18 17:50:00,2025-11-18 19:18:36,sell,4072.742,4080.065,4081.568,4055.09,8.826000000000022,0.01,-8.59,3153.3399999999997,sl 4080.045
64,187,194,189,196,2025-11-18 17:45:00,2025-11-18 19:58:35,sell,4073.099,4081.568,4082.079,4055.139,8.980000000000018,0.01,-8.83,3144.51,sl 4081.568
65,198,201,200,203,2025-11-26 18:35:00,2025-11-26 18:45:38,buy,4159.899,4158.407,4155.112,4169.509,4.787000000000262,0.03,-14.86,3109.73,sl 4158.428
66,203,209,205,211,2025-11-26 18:55:00,2025-11-27 01:05:31,buy,4163.341,4160.349,4159.169,4171.685,4.17200000000048,0.03,-13.4,3144.61,sl 4160.350
67,204,210,206,212,2025-11-26 19:00:00,2025-11-27 01:05:31,buy,4164.816,4160.349,4160.35,4173.748,4.46599999999944,0.03,-13.16,3128.2200000000003,sl 4160.350
68,205,211,207,213,2025-11-26 19:15:00,2025-11-27 01:05:31,buy,4166.931,4160.349,4160.35,4180.093,6.5809999999992215,0.02,-14.43,3110.56,sl 4160.350
69,202,212,204,214,2025-11-26 18:50:00,2025-11-27 01:05:42,buy,4160.764,4159.146,4156.723,4168.846,4.041000000000167,0.03,-12.58,3093.13,sl 4159.169
70,199,213,201,215,2025-11-26 18:40:00,2025-11-27 01:16:42,buy,4162.122,4153.707,4158.428,4169.51,3.6940000000004147,0.04,-11.67,3078.23,sl 4153.734
71,214,222,216,224,2025-11-28 09:15:00,2025-11-28 11:54:39,buy,4162.27,4172.582,4153.463,4179.857,8.807000000000698,0.01,6.36,3087.4100000000003,sl 4172.619
72,218,227,220,229,2025-11-28 10:50:00,2025-11-28 14:00:36,buy,4165.54,4186.163,4152.732,4191.156,12.807999999999993,0.01,22.29,3109.7,tp 4186.131
73,219,228,221,230,2025-11-28 10:55:00,2025-11-28 14:00:37,buy,4163.865,4186.434,4152.732,4186.131,11.13299999999981,0.01,22.46,3132.16,tp 4186.434
74,215,229,217,231,2025-11-28 09:20:00,2025-11-28 14:00:40,buy,4166.222,4187.016,4154.793,4189.077,11.429000000000087,0.01,25.25,3157.41,tp 4187.002
75,224,231,226,233,2025-11-28 12:05:00,2025-11-28 14:22:40,buy,4171.987,4197.855,4158.35,4199.261,13.636999999999716,0.01,26.35,3209.38,tp 4197.827
76,223,232,225,234,2025-11-28 12:00:00,2025-11-28 14:23:31,buy,4172.14,4199.264,4158.35,4199.72,13.789999999999964,0.01,27.27,3236.65,tp 4199.261
77,225,234,227,236,2025-11-28 12:10:00,2025-11-28 14:23:40,buy,4171.509,4199.722,4158.35,4197.827,13.15899999999965,0.01,30.04,3294.27,tp 4199.713
78,220,235,222,237,2025-11-28 11:00:00,2025-11-28 14:40:17,buy,4163.966,4203.506,4152.732,4186.434,11.234000000000378,0.01,30.11,3324.38,tp 4203.494
79,238,247,240,249,2025-12-01 18:55:00,2025-12-01 19:44:53,buy,4238.913,4234.272,4234.025,4248.689,4.88799999999992,0.03,-12.3,3324.21,sl 4234.282
80,239,248,241,250,2025-12-01 19:00:00,2025-12-01 19:45:41,buy,4240.419,4232.539,4234.282,4252.693,6.136999999999716,0.02,-15.94,3308.27,sl 4232.550
81,240,249,242,251,2025-12-01 19:15:00,2025-12-01 19:45:41,buy,4237.853,4232.539,4232.55,4248.459,5.302999999999884,0.03,-16.0,3292.27,sl 4232.550
82,241,250,243,252,2025-12-01 19:20:00,2025-12-01 19:45:41,buy,4237.873,4232.539,4232.55,4248.519,5.322999999999411,0.03,-12.52,3279.75,sl 4232.550
83,242,251,244,253,2025-12-01 19:25:00,2025-12-01 19:45:41,buy,4238.802,4232.539,4232.55,4251.306,6.251999999999498,0.02,-9.22,3270.53,sl 4232.550
84,243,252,245,254,2025-12-01 19:30:00,2025-12-01 19:45:41,buy,4241.759,4232.539,4232.55,4260.177,9.208999999999833,0.01,-14.65,3255.88,sl 4232.550
85,244,253,246,255,2025-12-01 19:35:00,2025-12-01 19:45:41,buy,4239.865,4232.539,4232.55,4254.495,7.3149999999996,0.02,-9.23,3246.65,sl 4232.550
86,256,263,258,265,2025-12-05 17:40:00,2025-12-07 23:10:03,buy,4210.895,4196.136,4194.824,4243.037,16.071000000000822,0.01,-16.47,3247.0400000000004,sl 4196.760
87,257,264,259,266,2025-12-05 18:25:00,2025-12-07 23:10:03,buy,4212.607,4196.136,4196.76,4244.301,15.846999999999753,0.01,-16.63,3229.87,sl 4196.760
88,258,265,260,267,2025-12-05 18:30:00,2025-12-07 23:10:03,buy,4212.766,4196.136,4196.76,4244.778,16.005999999999403,0.01,-15.93,3213.4,sl 4196.760
89,259,266,261,268,2025-12-05 18:45:00,2025-12-07 23:10:03,buy,4212.071,4196.136,4196.76,4242.693,15.310999999999694,0.01,-14.54,3198.32,sl 4196.713
90,260,267,262,269,2025-12-05 18:55:00,2025-12-07 23:10:03,buy,4210.676,4196.136,4196.713,4238.602,13.963000000000648,0.01,-12.89,3184.8900000000003,sl 4196.713
91,261,268,263,270,2025-12-05 19:00:00,2025-12-07 23:10:03,buy,4209.029,4196.136,4196.713,4233.661,12.316000000000713,0.01,-13.24,3171.11,sl 4196.713
92,270,272,272,274,2025-12-09 09:40:00,2025-12-09 12:50:36,sell,4203.659,4207.159,4211.761,4187.455,8.102000000000771,0.01,-13.78,3139.93,sl 4207.159
93,275,278,277,280,2025-12-09 13:45:00,2025-12-09 14:11:42,buy,4200.705,4190.671,4190.686,4220.743,10.019000000000233,0.01,-9.6,3123.06,sl 4190.686
94,285,296,287,298,2025-12-09 17:50:00,2025-12-10 09:46:39,buy,4206.837,4193.801,4193.715,4233.081,13.122000000000298,0.01,-12.05,3149.7999999999997,sl 4193.846
95,286,297,288,299,2025-12-09 17:55:00,2025-12-10 09:46:39,buy,4205.85,4193.801,4193.846,4229.858,12.004000000000815,0.01,-9.34,3139.92,sl 4193.846
96,287,298,289,300,2025-12-09 18:00:00,2025-12-10 09:46:39,buy,4203.136,4193.801,4193.846,4221.716,9.290000000000873,0.01,-9.08,3130.3,sl 4193.846
97,288,299,290,301,2025-12-09 18:05:00,2025-12-10 09:46:39,buy,4202.878,4193.801,4193.846,4220.942,9.032000000000153,0.01,-9.62,3120.1400000000003,sl 4193.846
98,289,300,291,302,2025-12-09 18:10:00,2025-12-10 09:46:39,buy,4203.421,4193.801,4193.846,4222.571,9.575000000000728,0.01,-12.69,3106.91,sl 4193.846
99,282,301,284,303,2025-12-09 17:35:00,2025-12-10 09:46:40,buy,4204.926,4193.701,4193.715,4227.348,11.21100000000024,0.01,-12.77,3093.6,sl 4193.715
100,283,302,285,304,2025-12-09 17:40:00,2025-12-10 09:46:40,buy,4206.474,4193.701,4193.715,4231.992,12.759000000000015,0.01,-13.66,3079.4,sl 4193.715
101,284,303,286,305,2025-12-09 17:45:00,2025-12-10 09:46:40,buy,4207.36,4193.701,4193.715,4234.65,13.644999999999527,0.01,-13.14,3065.7200000000003,sl 4193.715
102,290,304,292,306,2025-12-09 18:15:00,2025-12-10 09:46:40,buy,4206.489,4193.6,4193.846,4231.775,12.643000000000029,0.01,-14.95,3050.23,sl 4193.637
103,291,305,293,307,2025-12-09 19:30:00,2025-12-10 09:46:40,buy,4208.552,4193.6,4193.637,4238.382,14.914999999999964,0.01,-15.55,3034.14,sl 4193.637
104,292,306,294,308,2025-12-09 19:40:00,2025-12-10 09:46:40,buy,4209.152,4193.6,4193.637,4240.182,15.515000000000327,0.01,-15.86,3017.74,sl 4193.637
105,293,307,295,309,2025-12-09 19:45:00,2025-12-10 09:46:40,buy,4209.46,4193.6,4193.637,4241.106,15.82300000000032,0.01,-14.69,3002.5099999999998,sl 4193.637
106,311,323,313,325,2025-12-15 07:35:00,2025-12-15 08:48:38,buy,4341.457,4347.615,4330.682,4363.007,10.775000000000546,0.01,22.58,3025.09,tp 4347.614
107,317,325,319,327,2025-12-15 08:05:00,2025-12-15 09:14:36,buy,4340.979,4349.372,4330.682,4361.573,10.29700000000048,0.01,29.8,3055.4500000000003,tp 4349.368
108,319,326,321,328,2025-12-15 08:15:00,2025-12-15 09:15:03,buy,4343.038,4349.747,4339.252,4350.61,3.7859999999991487,0.04,30.14,3085.5899999999997,tp 4349.734
109,320,327,322,329,2025-12-15 08:20:00,2025-12-15 09:15:15,buy,4342.212,4350.254,4338.451,4349.734,3.761000000000422,0.04,29.65,3115.2400000000002,tp 4350.248
110,321,328,323,330,2025-12-15 08:25:00,2025-12-15 10:00:38,buy,4342.842,4341.0,4339.139,4350.248,3.70299999999952,0.04,-15.27,3099.97,sl 4341.017
111,318,329,320,331,2025-12-15 08:10:00,2025-12-15 10:31:40,buy,4341.922,4339.228,4338.199,4349.368,3.7229999999999563,0.04,-15.24,3084.73,sl 4339.252
112,330,334,332,336,2025-12-15 11:55:00,2025-12-15 12:30:15,sell,4342.712,4347.416,4346.715,4334.706,4.002999999999702,0.03,-11.79,3060.89,sl 4347.408
113,331,335,333,337,2025-12-15 12:10:00,2025-12-15 12:34:39,sell,4343.487,4348.328,4347.408,4335.645,3.9210000000002765,0.03,-14.78,3046.1099999999997,sl 4348.327
114,308,338,310,340,2025-12-15 07:20:00,2025-12-15 12:49:27,buy,4343.463,4344.333,4332.199,4365.991,11.264000000000124,0.01,0.88,3046.9900000000002,sl 4344.357
115,339,344,341,346,2025-12-15 12:50:00,2025-12-15 13:05:38,sell,4344.653,4338.67,4348.331,4337.297,3.6779999999998836,0.04,30.02,3105.29,tp 4338.678
116,336,345,338,347,2025-12-15 12:35:00,2025-12-15 13:05:41,sell,4347.661,4338.188,4351.193,4340.597,3.532000000000153,0.04,29.35,3134.64,tp 4338.195
117,340,346,342,348,2025-12-15 12:55:00,2025-12-15 13:05:42,sell,4346.176,4337.926,4349.925,4338.678,3.7489999999997963,0.04,30.88,3165.52,tp 4337.936
118,309,351,311,353,2025-12-15 07:25:00,2025-12-15 13:35:27,buy,4343.45,4336.646,4330.682,4368.986,12.768000000000029,0.01,-7.55,3176.7799999999997,sl 4336.647
119,310,354,312,356,2025-12-15 07:30:00,2025-12-15 14:00:31,buy,4344.198,4330.671,4330.682,4371.23,13.516000000000531,0.01,-10.79,3141.54,sl 4330.682
120,312,355,314,357,2025-12-15 07:40:00,2025-12-15 14:00:31,buy,4336.326,4330.671,4330.682,4347.614,5.644000000000233,0.02,-9.27,3132.27,sl 4330.682
121,313,356,315,358,2025-12-15 07:45:00,2025-12-15 14:00:31,buy,4339.94,4330.671,4330.682,4358.456,9.25799999999981,0.01,-10.29,3121.98,sl 4330.682
122,314,357,316,359,2025-12-15 07:50:00,2025-12-15 14:00:31,buy,4340.955,4330.671,4330.682,4361.501,10.273000000000138,0.01,-9.93,3112.05,sl 4330.682
123,315,358,317,360,2025-12-15 07:55:00,2025-12-15 14:00:31,buy,4340.599,4330.671,4330.682,4360.433,9.917000000000371,0.01,-8.81,3103.2400000000002,sl 4330.682
124,316,359,318,361,2025-12-15 08:00:00,2025-12-15 14:00:31,buy,4339.481,4330.671,4330.682,4357.079,8.798999999999978,0.01,-10.31,3092.93,sl 4330.682
125,360,365,362,367,2025-12-17 12:10:00,2025-12-17 13:58:32,buy,4316.066,4342.505,4303.931,4340.336,12.135000000000218,0.01,25.73,3130.19,tp 4342.490
126,362,366,364,368,2025-12-17 12:35:00,2025-12-17 14:00:40,buy,4319.382,4344.904,4303.931,4350.284,15.451000000000022,0.01,27.31,3157.5,tp 4344.899
127,361,367,363,369,2025-12-17 12:15:00,2025-12-18 16:10:40,buy,4316.784,4350.286,4303.931,4342.49,12.853000000000065,0.01,30.91,3186.79,tp 4350.284
128,383,386,385,388,2025-12-23 16:20:00,2025-12-23 16:31:41,buy,4460.961,4456.309,4453.319,4476.245,7.641999999999825,0.02,-13.48,3149.93,sl 4456.333
129,373,391,375,393,2025-12-23 15:20:00,2025-12-23 16:50:38,buy,4448.65,4471.147,4435.988,4474.028,12.661999999999352,0.01,23.56,3173.49,tp 4471.146
130,372,392,374,394,2025-12-23 15:15:00,2025-12-23 16:53:42,buy,4448.571,4474.038,4435.834,4474.051,12.73700000000008,0.01,25.39,3198.8799999999997,tp 4474.028
131,384,394,386,396,2025-12-23 16:25:00,2025-12-23 16:54:21,buy,4463.049,4474.28,4456.333,4476.481,6.716000000000349,0.02,25.13,3249.5,tp 4474.275
132,382,396,384,398,2025-12-23 16:15:00,2025-12-23 16:57:05,buy,4460.824,4476.246,4452.143,4478.186,8.680999999999585,0.01,30.57,3280.07,tp 4476.245
133,377,398,379,400,2025-12-23 15:50:00,2025-12-23 17:03:32,buy,4456.941,4476.852,4445.267,4480.289,11.673999999999978,0.01,22.57,3302.6400000000003,tp 4476.835
134,388,399,390,401,2025-12-23 16:40:00,2025-12-23 17:03:42,buy,4462.268,4477.919,4453.008,4480.788,9.260000000000218,0.01,23.35,3325.99,tp 4477.904
135,375,400,377,402,2025-12-23 15:40:00,2025-12-23 17:03:42,buy,4454.407,4477.973,4441.79,4479.641,12.61700000000019,0.01,24.71,3350.7,tp 4477.955
136,381,401,383,403,2025-12-23 16:10:00,2025-12-23 17:03:43,buy,4458.609,4478.187,4448.66,4478.507,9.949000000000524,0.01,17.37,3368.0699999999997,tp 4478.186
137,380,402,382,404,2025-12-23 16:05:00,2025-12-23 17:04:21,buy,4457.59,4478.513,4446.994,4478.782,10.596000000000458,0.01,19.9,3387.9700000000003,tp 4478.507
138,379,403,381,405,2025-12-23 16:00:00,2025-12-23 17:04:29,buy,4458.631,4478.792,4447.926,4480.041,10.704999999999927,0.01,21.2,3409.1699999999996,tp 4478.782
139,374,405,376,407,2025-12-23 15:25:00,2025-12-23 17:04:41,buy,4447.59,4479.646,4435.8,4471.146,11.789999999999964,0.01,25.24,3453.0299999999997,tp 4479.641
140,409,414,411,416,2025-12-23 17:20:00,2025-12-23 17:53:15,buy,4474.425,4469.722,4467.323,4488.629,7.101999999999862,0.02,-16.52,3436.51,sl 4469.732
141,410,415,412,417,2025-12-23 17:30:00,2025-12-23 17:53:15,buy,4477.98,4469.722,4469.732,4494.476,8.247999999999593,0.02,-11.94,3424.57,sl 4469.732
142,411,416,413,418,2025-12-23 17:35:00,2025-12-23 17:53:15,buy,4475.692,4469.722,4469.732,4487.612,5.960000000000036,0.02,-16.93,3407.6400000000003,sl 4469.732
143,412,417,414,419,2025-12-23 17:40:00,2025-12-23 17:53:15,buy,4478.186,4469.722,4469.732,4495.094,8.453999999999724,0.02,-17.81,3389.83,sl 4469.732
144,378,421,380,423,2025-12-23 15:55:00,2025-12-23 18:12:37,buy,4454.279,4480.07,4443.001,4476.835,11.278000000000247,0.01,21.44,3411.27,tp 4480.041
145,376,422,378,424,2025-12-23 15:45:00,2025-12-23 18:12:38,buy,4453.261,4480.315,4440.914,4477.955,12.347000000000662,0.01,23.38,3434.65,tp 4480.289
146,387,423,389,425,2025-12-23 16:35:00,2025-12-23 18:12:40,buy,4460.745,4480.806,4451.435,4479.365,9.30999999999949,0.01,18.54,3453.19,tp 4480.788
147,389,433,391,435,2025-12-23 16:45:00,2025-12-23 18:58:20,buy,4466.244,4482.674,4460.414,4477.904,5.829999999999927,0.02,25.12,3478.31,tp 4482.651
148,408,436,410,438,2025-12-23 17:15:00,2025-12-23 19:01:30,buy,4475.635,4488.654,4467.323,4492.259,8.311999999999898,0.02,28.46,3535.09,tp 4488.629
149,427,437,429,439,2025-12-23 18:30:00,2025-12-23 19:01:37,buy,4478.132,4489.266,4470.703,4492.99,7.428999999999178,0.02,29.96,3565.05,tp 4489.244
150,428,439,430,441,2025-12-23 18:35:00,2025-12-23 19:01:40,buy,4474.284,4490.253,4466.804,4489.244,7.479999999999563,0.02,30.04,3628.64,tp 4490.224
151,418,440,420,442,2025-12-23 18:00:00,2025-12-23 19:01:42,buy,4472.866,4490.866,4464.49,4489.618,8.376000000000204,0.02,31.67,3660.31,tp 4490.844
152,429,441,431,443,2025-12-23 18:40:00,2025-12-23 19:03:28,buy,4475.236,4491.346,4467.742,4490.224,7.493999999999687,0.02,29.37,3689.68,tp 4491.324
153,424,442,426,444,2025-12-23 18:15:00,2025-12-23 19:03:30,buy,4477.779,4491.921,4470.072,4493.193,7.707000000000335,0.02,30.3,3719.98,tp 4491.916
154,407,443,409,445,2025-12-23 17:10:00,2025-12-23 19:03:31,buy,4475.74,4492.261,4467.323,4492.574,8.416999999999462,0.02,33.25,3753.23,tp 4492.259
155,431,444,433,446,2025-12-23 18:50:00,2025-12-23 19:03:37,buy,4478.449,4492.522,4471.151,4493.045,7.2979999999997744,0.02,28.04,3781.27,tp 4492.514
156,406,445,408,447,2025-12-23 17:05:00,2025-12-23 19:03:37,buy,4478.855,4492.574,4467.323,4501.919,11.531999999999243,0.01,33.67,3814.94,tp 4492.574
157,425,446,427,448,2025-12-23 18:20:00,2025-12-23 19:03:38,buy,4476.772,4492.836,4469.2,4491.916,7.572000000000116,0.02,30.15,3845.09,tp 4492.830
158,426,447,428,449,2025-12-23 18:25:00,2025-12-23 19:03:39,buy,4477.758,4492.993,4470.222,4492.83,7.536000000000058,0.02,29.73,3874.82,tp 4492.990
159,430,448,432,450,2025-12-23 18:45:00,2025-12-23 19:03:39,buy,4476.662,4493.045,4469.331,4491.324,7.331000000000131,0.02,29.19,3904.01,tp 4493.045
160,419,450,421,452,2025-12-23 18:05:00,2025-12-23 19:03:40,buy,4475.032,4493.255,4467.126,4490.844,7.905999999999949,0.02,31.17,3966.02,tp 4493.253
161,458,466,460,468,2025-12-23 19:30:00,2025-12-23 23:37:31,buy,4490.157,4502.719,4483.161,4504.149,6.996000000000095,0.02,39.13,4106.0199999999995,tp 4502.706
162,454,467,456,469,2025-12-23 19:15:00,2025-12-23 23:37:40,buy,4493.901,4503.669,4483.161,4515.381,10.739999999999782,0.01,27.35,4133.370000000001,tp 4503.660
163,457,468,459,470,2025-12-23 19:25:00,2025-12-23 23:37:42,buy,4488.878,4504.157,4483.076,4500.482,5.80199999999968,0.03,28.0,4161.37,tp 4504.149
164,461,469,463,471,2025-12-23 19:45:00,2025-12-23 23:38:56,buy,4493.203,4506.417,4483.161,4513.287,10.042000000000371,0.02,31.01,4192.38,tp 4506.408
165,462,470,464,472,2025-12-23 19:50:00,2025-12-23 23:39:02,buy,4490.91,4506.987,4483.161,4506.408,7.748999999999796,0.02,31.77,4224.150000000001,tp 4506.984
166,459,471,461,473,2025-12-23 19:35:00,2025-12-23 23:52:36,buy,4489.676,4509.641,4483.161,4502.706,6.515000000000327,0.03,35.32,4259.469999999999,tp 4509.618
167,452,472,454,474,2025-12-23 19:05:00,2025-12-23 23:52:38,buy,4493.795,4510.104,4483.161,4515.063,10.634000000000015,0.01,35.94,4295.41,tp 4510.077
168,460,473,462,475,2025-12-23 19:40:00,2025-12-24 00:25:42,buy,4491.98,4513.313,4483.161,4509.618,8.818999999999505,0.02,40.22,4334.55,tp 4513.287
169,453,475,455,477,2025-12-23 19:10:00,2025-12-24 00:31:40,buy,4492.133,4515.387,4483.161,4510.077,8.971999999999753,0.02,21.49,4376.24,tp 4515.381
170,478,485,480,487,2025-12-30 18:15:00,2025-12-30 19:48:27,buy,4371.269,4351.755,4351.764,4410.279,19.50500000000011,0.01,-19.19,4319.89,sl 4351.764
171,479,486,481,488,2025-12-30 18:25:00,2025-12-30 19:48:27,buy,4370.945,4351.755,4351.764,4409.307,19.180999999999585,0.01,-19.3,4300.59,sl 4351.764
172,480,487,482,489,2025-12-30 18:30:00,2025-12-30 19:48:41,buy,4371.056,4348.864,4351.764,4409.64,19.29199999999946,0.01,-15.82,4284.77,sl 4348.887
173,481,488,483,490,2025-12-30 18:55:00,2025-12-30 19:48:41,buy,4364.679,4348.864,4348.887,4396.263,15.792000000000371,0.01,-16.17,4268.6,sl 4348.887
174,482,489,484,491,2025-12-30 19:00:00,2025-12-30 19:48:41,buy,4365.03,4348.864,4348.887,4397.316,16.14300000000003,0.01,-18.83,4249.77,sl 4348.887
175,490,497,492,499,2026-01-02 19:30:00,2026-01-04 23:07:00,buy,4318.822,4353.486,4311.066,4334.334,7.756000000000313,0.02,65.49,4382.43,tp 4335.280
176,491,498,493,500,2026-01-02 19:35:00,2026-01-04 23:07:00,buy,4320.742,4353.486,4313.473,4335.28,7.269000000000233,0.02,59.22,4440.570000000001,tp 4338.717
177,492,499,494,501,2026-01-02 19:40:00,2026-01-04 23:07:00,buy,4323.877,4353.486,4316.457,4338.717,7.420000000000073,0.02,61.21,4500.7,tp 4337.807
178,493,500,495,502,2026-01-02 19:45:00,2026-01-04 23:07:00,buy,4322.881,4353.486,4315.418,4337.807,7.463000000000648,0.02,64.4,4564.0199999999995,tp 4336.317
179,494,501,496,503,2026-01-02 19:50:00,2026-01-04 23:07:00,buy,4321.283,4353.486,4313.766,4336.317,7.517000000000735,0.02,66.85,4629.790000000001,tp 4334.408
180,508,511,510,513,2026-01-06 09:45:00,2026-01-06 11:57:27,buy,4456.019,4463.46,4440.126,4487.805,15.893000000000029,0.01,31.12,4651.599999999999,tp 4463.451
181,502,512,504,514,2026-01-06 09:15:00,2026-01-06 14:52:38,buy,4458.077,4486.64,4438.476,4497.279,19.601000000000568,0.01,32.12,4683.72,tp 4486.611
182,507,513,509,515,2026-01-06 09:40:00,2026-01-06 14:52:42,buy,4456.349,4487.823,4440.126,4488.795,16.222999999999956,0.01,31.8,4715.52,tp 4487.805
183,506,514,508,516,2026-01-06 09:35:00,2026-01-06 14:55:37,buy,4457.095,4488.804,4438.476,4494.333,18.619000000000597,0.01,32.45,4747.97,tp 4488.795
184,504,515,506,517,2026-01-06 09:25:00,2026-01-06 18:18:39,buy,4457.355,4493.469,4438.476,4495.113,18.878999999999905,0.01,36.67,4784.64,tp 4493.445
185,505,516,507,518,2026-01-06 09:30:00,2026-01-06 20:57:39,buy,4456.799,4494.37,4438.476,4493.445,18.32300000000032,0.01,37.27,4821.910000000001,tp 4494.333
186,503,517,505,519,2026-01-06 09:20:00,2026-01-06 23:01:00,buy,4454.521,4498.082,4438.476,4486.611,16.045000000000073,0.01,40.72,4862.63,tp 4495.113
187,520,523,522,525,2026-01-07 08:15:00,2026-01-07 09:07:31,buy,4465.932,4461.855,4461.2,4475.396,4.731999999999971,0.05,-22.44,4887.780000000001,sl 4461.877
188,518,524,520,526,2026-01-07 08:05:00,2026-01-07 09:07:39,buy,4463.678,4461.227,4458.932,4473.17,4.746000000000095,0.05,-23.17,4864.61,sl 4461.227
189,519,525,521,527,2026-01-07 08:10:00,2026-01-07 09:07:39,buy,4465.861,4461.197,4461.227,4475.129,4.6340000000000146,0.05,-23.67,4840.94,sl 4461.200
190,530,533,532,535,2026-02-02 19:50:00,2026-02-02 23:08:20,sell,4705.865,4714.117,4729.494,4658.616,23.628999999999905,0.01,-23.14,4892.83,sl 4714.073
191,536,539,538,541,2026-02-06 10:50:00,2026-02-06 11:23:26,sell,4869.853,4890.482,4884.889,4839.781,15.036000000000058,0.01,-24.23,4901.740000000001,sl 4890.458
192,540,547,542,549,2026-02-06 11:50:00,2026-02-06 12:38:58,sell,4884.586,4890.879,4901.672,4850.414,17.08599999999933,0.01,-1.08,4883.58,sl 4890.828
193,544,548,546,550,2026-02-06 12:25:00,2026-02-06 12:44:40,sell,4878.991,4895.513,4896.857,4843.259,17.865999999999985,0.01,-17.86,4865.72,sl 4895.473
194,543,549,545,551,2026-02-06 12:15:00,2026-02-06 12:45:36,sell,4895.638,4896.887,4913.831,4859.252,18.19300000000021,0.01,-17.9,4847.820000000001,sl 4896.857
195,545,550,547,552,2026-02-06 12:30:00,2026-02-06 12:48:40,sell,4877.645,4901.533,4895.473,4841.989,17.82799999999952,0.01,-18.03,4829.79,sl 4901.524
196,552,555,554,557,2026-02-10 08:25:00,2026-02-10 08:57:38,buy,5038.835,5039.754,5023.712,5069.081,15.122999999999593,0.01,-23.26,4792.01,sl 5039.754
197,556,569,558,571,2026-02-10 10:20:00,2026-02-10 12:07:20,buy,5041.807,5045.952,5029.842,5065.737,11.965000000000146,0.02,-4.04,4796.46,sl 5045.987
198,558,570,560,572,2026-02-10 10:35:00,2026-02-10 12:42:30,buy,5051.824,5040.912,5040.587,5074.298,11.23699999999917,0.02,-14.14,4782.32,sl 5040.953
199,559,571,561,573,2026-02-10 10:40:00,2026-02-10 12:42:30,buy,5055.047,5040.912,5040.953,5083.235,14.093999999999141,0.01,-13.38,4768.94,sl 5040.953
200,560,572,562,574,2026-02-10 10:45:00,2026-02-10 12:42:30,buy,5054.286,5040.912,5040.953,5080.952,13.332999999999629,0.01,-13.52,4755.419999999999,sl 5040.953
201,561,573,563,575,2026-02-10 10:50:00,2026-02-10 12:42:30,buy,5054.427,5040.912,5040.953,5081.375,13.47399999999925,0.01,-17.69,4737.7300000000005,sl 5040.953
202,565,574,567,576,2026-02-10 11:05:00,2026-02-10 12:42:30,buy,5046.819,5040.912,5039.228,5062.001,7.591000000000349,0.03,-12.16,4725.57,sl 5040.953
203,566,575,568,577,2026-02-10 11:10:00,2026-02-10 12:42:30,buy,5053.074,5040.912,5040.953,5077.316,12.120999999999185,0.01,-19.79,4705.78,sl 5040.953
204,557,576,559,578,2026-02-10 10:30:00,2026-02-10 12:42:37,buy,5047.969,5040.52,5036.324,5071.259,11.645000000000437,0.02,-22.61,4683.17,sl 5040.587
205,567,577,569,579,2026-02-10 11:15:00,2026-02-10 12:42:40,buy,5050.805,5039.734,5040.953,5070.509,9.851999999999862,0.02,-23.31,4659.86,sl 5039.797
206,564,579,566,581,2026-02-10 11:00:00,2026-02-10 12:43:19,buy,5047.225,5039.185,5039.622,5062.431,7.6030000000000655,0.03,-22.9,4614.120000000001,sl 5039.228
207,581,585,583,587,2026-02-11 15:35:00,2026-02-11 17:08:38,buy,5053.881,5082.298,5035.655,5090.333,18.226000000000568,0.01,35.83,4649.95,tp 5082.251
208,583,586,585,588,2026-02-11 15:45:00,2026-02-11 17:08:39,buy,5048.872,5082.741,5030.07,5086.476,18.80200000000059,0.01,34.44,4684.389999999999,tp 5082.725
209,582,588,584,590,2026-02-11 15:40:00,2026-02-11 17:17:20,buy,5046.471,5086.539,5028.581,5082.251,17.889999999999418,0.01,37.67,4758.4800000000005,tp 5086.476
210,580,589,582,591,2026-02-11 15:30:00,2026-02-11 17:17:40,buy,5049.317,5090.383,5031.106,5085.739,18.21100000000024,0.01,36.5,4794.98,tp 5090.333
211,596,610,598,612,2026-02-18 07:25:00,2026-02-18 08:44:26,sell,4935.119,4920.954,4943.756,4917.845,8.637000000000626,0.02,36.0,4849.03,tp 4921.009
212,593,611,595,613,2026-02-18 07:10:00,2026-02-18 08:44:26,sell,4938.236,4920.894,4946.767,4921.174,8.530999999999949,0.02,34.62,4883.65,tp 4920.927
213,590,612,592,614,2026-02-18 07:00:00,2026-02-18 08:44:30,sell,4930.645,4920.535,4938.666,4914.603,8.02099999999973,0.02,14.21,4897.86,
214,597,613,599,615,2026-02-18 07:30:00,2026-02-18 08:44:37,sell,4938.957,4920.178,4947.931,4921.009,8.97399999999925,0.02,36.77,4934.63,tp 4920.211
215,598,615,600,617,2026-02-18 07:35:00,2026-02-18 08:52:40,sell,4938.567,4918.899,4947.745,4920.211,9.177999999999884,0.02,36.26,4970.89,tp 4918.949
216,590,616,592,618,2026-02-18 07:00:00,2026-02-18 08:59:29,sell,4930.645,4918.29,4938.666,4914.603,8.02099999999973,0.02,16.46,4987.35,tp 4918.296
217,595,617,597,619,2026-02-18 07:20:00,2026-02-18 08:59:37,sell,4934.381,4917.764,4943.163,4916.817,8.781999999999243,0.02,34.71,5022.06,tp 4917.845
218,594,618,596,620,2026-02-18 07:15:00,2026-02-18 08:59:41,sell,4938.207,4916.796,4946.847,4920.927,8.639999999999418,0.02,35.17,5057.2300000000005,tp 4916.817
219,599,619,601,621,2026-02-18 07:40:00,2026-02-18 09:04:35,sell,4937.029,4915.833,4946.069,4918.949,9.039999999999964,0.02,36.41,5093.639999999999,tp 4915.842
220,600,621,602,623,2026-02-18 07:45:00,2026-02-18 09:06:37,sell,4934.042,4913.895,4943.142,4915.842,9.099999999999454,0.02,36.35,5129.990000000001,tp 4913.952
221,603,622,605,624,2026-02-18 08:10:00,2026-02-18 09:06:39,sell,4929.486,4913.409,4937.556,4913.346,8.069999999999709,0.03,48.22,5178.21,tp 4913.450
222,602,623,604,625,2026-02-18 08:00:00,2026-02-18 09:06:39,sell,4930.414,4913.312,4939.026,4913.19,8.61200000000008,0.02,48.52,5226.7300000000005,tp 4913.346
223,625,632,627,634,2026-02-18 09:15:00,2026-02-18 10:09:39,sell,4916.851,4923.812,4924.629,4901.295,7.778000000000247,0.03,-23.52,5182.49,sl 4923.800
224,601,637,603,639,2026-02-18 07:50:00,2026-02-18 10:38:00,sell,4932.068,4913.158,4941.126,4913.952,9.057999999999993,0.02,34.51,5217.0,tp 4913.190
225,605,638,607,640,2026-02-18 08:20:00,2026-02-18 10:38:03,sell,4926.331,4911.846,4933.989,4911.015,7.657999999999447,0.03,42.83,5259.83,tp 4911.904
226,607,639,609,641,2026-02-18 08:35:00,2026-02-18 10:38:03,sell,4924.082,4911.726,4931.168,4909.91,7.085999999999331,0.03,41.88,5301.71,tp 4911.769
227,604,640,606,642,2026-02-18 08:15:00,2026-02-18 10:38:04,sell,4929.484,4911.011,4937.501,4913.45,8.016999999999825,0.03,45.96,5347.67,tp 4911.015
228,606,641,608,643,2026-02-18 08:30:00,2026-02-18 10:38:16,sell,4926.122,4909.858,4933.231,4911.904,7.108999999999469,0.03,42.68,5390.35,tp 4909.910
229,624,647,626,649,2026-02-18 09:10:00,2026-02-18 12:10:36,sell,4918.682,4924.665,4925.929,4904.188,7.247000000000298,0.03,-23.45,5358.14,sl 4924.629
230,629,648,631,650,2026-02-18 09:55:00,2026-02-18 12:13:02,sell,4920.479,4925.736,4928.969,4903.499,8.489999999999782,0.03,-24.87,5333.27,sl 4925.712
231,634,650,636,652,2026-02-18 10:15:00,2026-02-18 12:17:38,sell,4920.033,4927.811,4928.289,4903.521,8.255999999999403,0.03,-24.6,5286.929999999999,sl 4927.791
232,633,651,635,653,2026-02-18 10:10:00,2026-02-18 12:18:01,sell,4922.874,4928.304,4931.498,4905.626,8.623999999999796,0.02,-24.81,5262.12,sl 4928.289
233,628,653,630,655,2026-02-18 09:50:00,2026-02-18 12:18:04,sell,4919.712,4928.986,4928.529,4902.078,8.817000000000007,0.02,-25.52,5218.919999999999,sl 4928.969
234,635,654,637,656,2026-02-18 10:20:00,2026-02-18 12:42:24,sell,4919.61,4929.537,4927.791,4903.248,8.181000000000495,0.03,-24.73,5194.1900000000005,sl 4929.487
235,630,655,632,657,2026-02-18 10:00:00,2026-02-18 12:42:26,sell,4917.448,4930.109,4925.712,4900.92,8.264000000000124,0.03,-25.56,5168.629999999999,sl 4930.053
236,657,659,659,661,2026-02-19 12:15:00,2026-02-19 13:30:24,buy,4988.552,4977.45,4972.837,5019.982,15.714999999999236,0.01,-23.91,5127.47,sl 4977.464
237,661,665,663,667,2026-02-20 08:50:00,2026-02-20 15:06:28,buy,5024.822,5006.485,5006.487,5061.492,18.335000000000036,0.01,-23.96,5101.58,sl 5006.487
238,662,666,664,668,2026-02-20 08:55:00,2026-02-20 15:06:28,buy,5030.447,5006.485,5006.487,5078.367,23.960000000000036,0.01,-22.51,5079.07,sl 5006.487
239,675,679,677,681,2026-02-24 18:00:00,2026-02-24 23:03:00,sell,5163.588,5135.76,5181.897,5126.97,18.309000000000196,0.01,31.24,5108.24,tp 5137.215
240,676,680,678,682,2026-02-24 18:05:00,2026-02-24 23:03:00,sell,5167.003,5135.76,5181.897,5137.215,14.894000000000233,0.01,32.51,5140.75,tp 5141.022
241,667,681,669,683,2026-02-24 17:20:00,2026-02-25 01:18:41,sell,5160.919,5181.935,5181.897,5118.963,20.978000000000065,0.01,-21.77,5118.98,sl 5181.897
242,668,682,670,684,2026-02-24 17:25:00,2026-02-25 01:18:41,sell,5160.172,5181.935,5181.897,5116.722,21.725000000000364,0.01,-23.15,5095.83,sl 5181.897
243,669,683,671,685,2026-02-24 17:30:00,2026-02-25 01:18:41,sell,5158.793,5181.935,5181.897,5112.585,23.10400000000027,0.01,-23.97,5071.86,sl 5181.897
244,670,684,672,686,2026-02-24 17:35:00,2026-02-25 01:18:41,sell,5157.974,5181.935,5181.897,5110.128,23.922999999999774,0.01,-23.4,5048.46,sl 5181.897
245,671,685,673,687,2026-02-24 17:40:00,2026-02-25 01:18:41,sell,5158.543,5181.935,5181.897,5111.835,23.35400000000027,0.01,-21.27,5027.19,sl 5181.897
246,672,686,674,688,2026-02-24 17:45:00,2026-02-25 01:18:41,sell,5160.672,5181.935,5181.897,5118.222,21.225000000000364,0.01,-22.02,5005.169999999999,sl 5181.897
247,673,687,675,689,2026-02-24 17:50:00,2026-02-25 01:18:41,sell,5159.924,5181.935,5181.897,5115.978,21.972999999999956,0.01,-22.53,4982.64,sl 5181.897
248,674,688,676,690,2026-02-24 17:55:00,2026-02-25 01:18:41,sell,5159.405,5181.935,5181.897,5114.421,22.49200000000019,0.01,-18.35,4964.29,sl 5181.897
249,689,693,691,695,2026-02-26 19:40:00,2026-02-26 20:48:03,buy,5184.423,5200.594,5177.061,5199.147,7.36200000000008,0.03,42.98,5051.7,tp 5200.563
250,690,694,692,696,2026-02-26 19:45:00,2026-02-26 23:01:37,buy,5186.267,5183.78,5179.119,5200.563,7.148000000000138,0.03,-20.58,5031.12,sl 5183.978
251,697,704,699,706,2026-02-27 07:20:00,2026-02-27 09:48:41,buy,5178.34,5172.628,5160.059,5214.902,18.28099999999995,0.01,-23.43,5007.69,sl 5172.690
252,698,705,700,707,2026-02-27 09:15:00,2026-02-27 09:48:41,buy,5178.484,5172.628,5172.69,5190.072,5.7940000000007785,0.04,-22.39,4985.299999999999,sl 5172.690
253,699,706,701,708,2026-02-27 09:20:00,2026-02-27 09:48:41,buy,5178.226,5172.628,5172.69,5189.298,5.536000000000058,0.04,-20.12,4965.18,sl 5172.690
254,700,707,702,709,2026-02-27 09:25:00,2026-02-27 09:48:41,buy,5179.334,5172.628,5172.69,5192.622,6.644000000000233,0.03,-19.92,4945.26,sl 5172.690
255,701,708,703,710,2026-02-27 09:30:00,2026-02-27 09:48:41,buy,5179.268,5172.628,5172.69,5192.424,6.578000000000429,0.03,-21.83,4923.43,sl 5172.690
256,702,709,704,711,2026-02-27 09:35:00,2026-02-27 09:48:41,buy,5179.902,5172.628,5172.69,5194.326,7.212000000000444,0.03,-23.4,4900.030000000001,sl 5172.690
257,696,711,698,713,2026-02-27 07:15:00,2026-02-27 13:08:42,buy,5181.928,5214.945,5160.059,5225.666,21.868999999999687,0.01,36.61,4934.299999999999,tp 5214.902
258,695,712,697,714,2026-02-27 07:10:00,2026-02-27 13:20:42,buy,5187.133,5225.682,5164.119,5233.161,23.014000000000124,0.01,43.75,4978.05,tp 5225.666
259,713,716,715,718,2026-03-02 19:25:00,2026-03-03 01:06:38,buy,5325.434,5364.464,5308.391,5359.52,17.043000000000575,0.01,33.46,5014.59,tp 5364.427
260,723,726,725,728,2026-03-04 17:50:00,2026-03-04 18:04:40,buy,5139.965,5132.975,5124.012,5171.871,15.95300000000043,0.01,-21.08,4974.05,sl 5133.024
261,724,729,726,731,2026-03-04 17:55:00,2026-03-04 18:10:29,buy,5143.514,5126.092,5133.024,5164.494,10.489999999999782,0.02,-15.16,4961.52,sl 5126.145
262,722,730,724,732,2026-03-04 17:45:00,2026-03-04 18:10:37,buy,5137.509,5123.989,5121.171,5170.185,16.337999999999738,0.01,-15.98,4945.540000000001,sl 5124.012
263,721,731,723,733,2026-03-04 17:35:00,2026-03-04 18:10:42,buy,5136.465,5121.127,5118.599,5172.197,17.865999999999985,0.01,-16.38,4929.16,sl 5121.171
264,720,733,722,735,2026-03-04 17:30:00,2026-03-04 18:11:28,buy,5134.19,5118.594,5116.602,5169.366,17.587999999999738,0.01,-17.88,4895.83,sl 5118.599
265,719,734,721,736,2026-03-04 17:25:00,2026-03-04 18:20:27,buy,5128.577,5116.556,5112.875,5159.981,15.702000000000226,0.01,-17.63,4878.2,sl 5116.602
266,735,737,737,739,2026-03-06 17:40:00,2026-03-06 18:43:14,buy,5145.759,5162.829,5125.581,5186.115,20.177999999999884,0.01,24.84,4903.04,tp 5162.817
267,744,747,746,749,2026-03-11 12:10:00,2026-03-11 13:00:43,sell,5187.586,5164.141,5205.116,5152.526,17.529999999999745,0.01,27.33,4997.7,tp 5164.169
268,743,748,745,750,2026-03-11 11:55:00,2026-03-11 13:51:38,sell,5183.358,5152.522,5208.08,5133.914,24.721999999999753,0.01,35.07,5032.7699999999995,tp 5152.526
269,757,759,759,761,2026-03-17 13:25:00,2026-03-17 13:32:41,buy,5013.868,5025.44,5007.643,5026.318,6.225000000000364,0.04,50.18,5076.150000000001,tp 5025.375
270,756,760,758,762,2026-03-17 13:20:00,2026-03-17 13:32:43,buy,5017.942,5026.336,5007.896,5038.034,10.046000000000276,0.02,49.87,5126.0199999999995,tp 5026.318
271,752,763,754,765,2026-03-17 10:35:00,2026-03-17 13:41:41,buy,5004.309,5029.548,4983.865,5045.197,20.444000000000415,0.01,30.48,5156.5,tp 5029.492
272,753,764,755,766,2026-03-17 10:40:00,2026-03-17 13:43:39,buy,4999.074,5030.906,4983.865,5029.492,15.208999999999833,0.01,31.37,5187.87,tp 5030.878
273,751,767,753,769,2026-03-17 10:30:00,2026-03-17 13:50:30,buy,5003.703,5021.673,4983.865,5043.379,19.838000000000648,0.01,17.36,5205.23,sl 5021.690
274,761,773,763,775,2026-03-17 13:35:00,2026-03-17 14:31:31,buy,5024.338,5004.608,5004.62,5063.774,19.717999999999847,0.01,-21.08,5144.28,sl 5004.620
275,765,775,767,777,2026-03-17 13:45:00,2026-03-17 14:31:31,buy,5027.409,5004.608,5004.62,5072.987,22.78899999999976,0.01,-20.15,5101.33,sl 5004.620
276,769,776,771,778,2026-03-17 14:05:00,2026-03-17 14:31:31,buy,5011.051,5004.608,5001.825,5029.503,9.226000000000568,0.02,-25.62,5075.71,sl 5004.620
277,770,781,772,783,2026-03-17 14:10:00,2026-03-17 15:28:28,buy,5017.422,4998.568,5004.62,5043.026,12.80199999999968,0.02,-22.9,5034.35,sl 4998.605
278,777,783,779,785,2026-03-17 14:45:00,2026-03-17 15:28:28,buy,5013.867,4998.568,4998.605,5044.391,15.262000000000626,0.01,-19.84,4999.21,sl 4998.605
279,778,784,780,786,2026-03-17 14:50:00,2026-03-17 15:28:28,buy,5018.414,4998.568,4998.605,5058.032,19.809000000000196,0.01,-24.21,4975.0,sl 4998.605
280,794,797,796,799,2026-03-17 16:55:00,2026-03-17 22:45:35,buy,5000.842,4994.324,4993.938,5014.65,6.903999999999542,0.03,-22.99,4954.55,sl 4994.332
281,793,798,795,800,2026-03-17 16:40:00,2026-03-17 22:45:37,buy,5001.418,4993.817,4991.879,5020.496,9.53899999999976,0.02,-21.08,4933.47,sl 4993.938
282,791,799,793,801,2026-03-17 16:25:00,2026-03-18 01:52:30,buy,5002.162,4993.167,4985.981,5034.524,16.181000000000495,0.01,-21.86,4910.530000000001,sl 4993.240
283,792,800,794,802,2026-03-17 16:30:00,2026-03-18 01:52:39,buy,5004.093,4991.805,4993.24,5025.799,10.853000000000065,0.02,-19.23,4890.22,sl 4991.879
284,790,801,792,803,2026-03-17 16:20:00,2026-03-18 04:34:14,buy,5000.877,4985.959,4984.767,5033.097,16.110000000000582,0.01,-16.2,4873.4800000000005,sl 4985.981
285,789,802,791,804,2026-03-17 16:15:00,2026-03-18 04:36:28,buy,4994.859,4984.742,4978.38,5027.817,16.47900000000027,0.01,-16.14,4856.799999999999,sl 4984.767
286,788,803,790,805,2026-03-17 16:10:00,2026-03-18 08:45:40,buy,4994.064,4978.347,4977.401,5027.39,16.663000000000466,0.01,-16.51,4839.75,sl 4978.380
287,787,804,789,806,2026-03-17 15:40:00,2026-03-18 08:45:42,buy,4982.487,4977.363,4967.165,5013.131,15.322000000000116,0.01,-16.7,4822.51,sl 4977.401
288,807,809,809,811,2026-03-23 18:20:00,2026-03-23 18:30:39,sell,4415.039,4432.351,4434.544,4375.966,19.50500000000011,0.01,-18.16,4804.35,sl 4432.333
289,806,811,808,813,2026-03-23 18:10:00,2026-03-23 18:30:43,sell,4417.102,4434.551,4436.59,4378.129,19.488000000000284,0.01,-19.51,4782.12,sl 4434.544
290,805,812,807,814,2026-03-23 17:40:00,2026-03-23 18:31:42,sell,4430.904,4436.608,4454.194,4384.318,23.289999999999964,0.01,-19.51,4762.61,sl 4436.590
291,819,822,821,824,2026-04-06 13:25:00,2026-04-06 13:41:38,sell,4672.348,4677.691,4680.773,4655.498,8.425000000000182,0.02,-17.56,4817.44,sl 4677.682
292,815,823,817,825,2026-04-06 12:25:00,2026-04-06 13:44:40,buy,4664.482,4666.036,4657.271,4678.904,7.21100000000024,0.03,-1.33,4816.11,sl 4666.048
293,818,824,820,826,2026-04-06 13:15:00,2026-04-06 13:56:40,sell,4668.835,4680.815,4677.539,4651.427,8.703999999999724,0.02,-16.93,4799.179999999999,sl 4680.773
294,832,835,834,837,2026-04-16 17:05:00,2026-04-16 17:29:54,buy,4792.226,4785.29,4782.734,4811.21,9.49199999999928,0.02,-19.22,4727.8,sl 4785.298
295,831,836,833,838,2026-04-16 16:50:00,2026-04-16 17:37:51,buy,4787.991,4782.623,4777.42,4809.511,10.570999999999913,0.02,-19.2,4708.6,sl 4782.734
296,833,838,835,840,2026-04-16 17:10:00,2026-04-17 01:10:28,buy,4794.902,4781.275,4785.298,4814.11,9.60400000000027,0.02,-20.02,4692.799999999999,sl 4781.280
297,839,841,841,843,2026-04-20 19:45:01,2026-04-21 04:31:05,buy,4812.192,4789.541,4788.801,4858.338,23.39099999999962,0.01,-22.9,4669.360000000001,sl 4789.764
298,845,850,847,852,2026-04-21 11:45:00,2026-04-21 14:40:18,sell,4793.205,4755.864,4815.625,4747.579,22.420000000000073,0.01,39.94,4696.919999999999,tp 4755.979
299,847,851,849,853,2026-04-21 11:55:00,2026-04-21 14:40:19,sell,4793.792,4752.991,4815.625,4750.771,21.83299999999963,0.01,41.68,4738.6,tp 4753.081
300,846,852,848,854,2026-04-21 11:50:00,2026-04-21 14:40:20,sell,4795.802,4750.768,4815.625,4755.979,19.82300000000032,0.01,43.02,4781.620000000001,tp 4750.771
301,844,853,846,855,2026-04-21 11:00:00,2026-04-21 14:44:53,sell,4789.5,4747.568,4812.298,4743.904,22.797999999999774,0.01,45.64,4827.26,tp 4747.579
302,843,854,845,856,2026-04-21 10:55:00,2026-04-21 14:44:59,sell,4789.784,4743.898,4812.298,4744.756,22.514000000000124,0.01,45.6,4872.860000000001,tp 4743.904
303,855,857,857,859,2026-04-22 14:55:00,2026-04-22 22:37:50,buy,4737.841,4731.561,4715.431,4783.282,22.410000000000764,0.01,-17.0,4855.86,sl 4731.599
304,866,870,868,872,2026-04-24 17:15:00,2026-04-24 19:49:31,sell,4727.626,4716.1,4734.404,4714.07,6.778000000000247,0.03,37.45,4865.97,tp 4716.118
305,865,871,867,873,2026-04-24 17:10:01,2026-04-24 19:56:23,sell,4727.533,4714.024,4734.449,4713.701,6.915999999999258,0.03,40.81,4906.780000000001,tp 4714.070
306,864,872,866,874,2026-04-24 17:05:00,2026-04-24 20:01:44,sell,4728.0,4713.685,4735.339,4713.559,7.338999999999942,0.03,41.54,4948.32,tp 4713.701
307,863,873,865,875,2026-04-24 17:00:00,2026-04-24 20:01:44,sell,4726.688,4713.49,4734.294,4711.116,7.605999999999767,0.03,43.53,4991.849999999999,tp 4713.559
308,862,874,864,876,2026-04-24 16:55:00,2026-04-24 20:06:02,sell,4724.392,4711.097,4733.241,4706.694,8.84900000000016,0.02,46.77,5038.620000000001,tp 4711.116
309,867,875,869,877,2026-04-24 17:20:00,2026-04-24 20:07:07,sell,4728.584,4710.271,4734.817,4716.118,6.233000000000175,0.03,37.87,5076.49,tp 4710.597
310,861,876,863,878,2026-04-24 16:50:00,2026-04-24 20:14:04,sell,4721.982,4706.69,4731.501,4702.944,9.519000000000233,0.02,35.4,5111.889999999999,tp 4706.694
311,859,877,861,879,2026-04-24 15:50:00,2026-04-26 22:02:03,sell,4724.116,4696.485,4733.499,4704.747,9.38299999999981,0.02,55.01,5166.900000000001,tp 4704.625
312,860,878,862,880,2026-04-24 16:40:00,2026-04-26 22:02:03,sell,4723.989,4696.485,4733.914,4704.625,9.925000000000182,0.02,50.99,5217.889999999999,tp 4702.944
313,880,884,882,886,2026-04-27 07:25:00,2026-04-27 08:20:25,buy,4717.694,4709.84,4704.816,4744.023,12.878000000000611,0.01,-20.37,5197.52,sl 4709.894
314,881,885,883,887,2026-04-27 07:35:00,2026-04-27 08:30:05,buy,4716.63,4708.093,4709.894,4730.102,6.735999999999876,0.03,-25.62,5171.900000000001,sl 4708.242
315,882,886,884,888,2026-04-27 07:50:00,2026-04-27 08:40:22,buy,4714.497,4705.906,4708.242,4726.821,6.255000000000109,0.04,-26.07,5145.83,sl 4705.964
316,879,888,881,890,2026-04-27 07:15:00,2026-04-27 09:09:54,buy,4717.233,4704.595,4704.816,4742.067,12.417000000000371,0.02,-13.09,5107.46,sl 4704.816
317,894,896,896,898,2026-05-01 17:45:00,2026-05-01 17:53:34,sell,4628.139,4634.7,4635.341,4614.182,7.2020000000002256,0.03,-21.37,5041.06,sl 4634.632
318,893,897,895,899,2026-05-01 17:40:00,2026-05-01 17:53:35,sell,4630.629,4635.445,4638.1,4615.687,7.471000000000458,0.03,-21.92,5019.14,sl 4635.341
319,900,904,902,906,2026-05-01 19:45:00,2026-05-04 07:59:51,sell,4611.655,4578.792,4631.892,4572.06,20.23700000000008,0.01,36.24,5107.48,tp 4579.092
320,899,905,901,907,2026-05-01 19:40:01,2026-05-04 10:01:42,sell,4617.158,4571.735,4631.892,4587.69,14.733999999999469,0.01,39.92,5147.4,tp 4572.060
321,901,906,903,908,2026-05-01 19:50:00,2026-05-04 10:02:04,sell,4615.03,4568.97,4631.892,4579.092,16.86200000000008,0.01,41.61,5189.009999999999,tp 4569.024
322,911,914,913,916,2026-05-07 17:50:00,2026-05-07 18:45:16,buy,4699.835,4700.943,4684.647,4730.211,15.188000000000102,0.01,-21.55,5147.2699999999995,sl 4700.991
323,912,916,914,918,2026-05-07 18:00:00,2026-05-07 18:45:19,buy,4711.719,4699.569,4700.991,4732.8,10.728000000000065,0.02,-13.53,5128.66,sl 4699.700
324,909,918,911,920,2026-05-07 17:40:00,2026-05-07 19:19:21,buy,4703.418,4700.705,4693.591,4723.501,9.826999999999316,0.02,1.06,5129.72,sl 4700.817
325,910,925,912,927,2026-05-07 17:45:00,2026-05-07 20:37:36,buy,4699.647,4705.88,4684.573,4730.455,15.073999999999614,0.01,6.04,5182.75,sl 4705.899
326,920,926,922,928,2026-05-07 19:30:00,2026-05-07 20:37:46,buy,4705.339,4701.17,4696.663,4722.484,8.676000000000386,0.02,-18.03,5164.72,sl 4701.220
327,921,927,923,929,2026-05-07 19:45:00,2026-05-07 20:37:48,buy,4710.186,4699.553,4701.22,4728.118,8.96599999999944,0.02,-19.29,5145.43,sl 4699.602
328,922,928,924,930,2026-05-07 19:50:00,2026-05-07 20:39:11,buy,4709.202,4698.09,4699.602,4726.485,9.600000000000364,0.02,-17.73,5127.700000000001,sl 4698.121
329,919,929,921,931,2026-05-07 19:25:00,2026-05-07 20:40:06,buy,4700.842,4696.442,4688.064,4726.398,12.777999999999338,0.02,-17.8,5109.9,sl 4696.663
330,931,935,933,937,2026-05-11 19:20:00,2026-05-11 19:40:06,sell,4724.726,4729.004,4729.909,4714.36,5.182999999999993,0.04,-25.79,5058.52,sl 4728.850
331,932,936,934,938,2026-05-11 19:25:00,2026-05-11 19:40:06,sell,4723.846,4729.004,4728.85,4713.838,5.004000000000815,0.05,-24.12,5034.400000000001,sl 4728.877
332,933,937,935,939,2026-05-11 19:30:00,2026-05-11 19:45:41,sell,4724.18,4729.469,4728.877,4714.786,4.697000000000116,0.05,-24.36,5010.04,sl 4729.215
333,939,944,941,946,2026-05-12 11:35:00,2026-05-12 15:17:29,buy,4699.019,4661.499,4688.918,4719.221,10.101000000000568,0.02,45.39,5038.97,tp 4661.527
334,940,945,942,947,2026-05-12 12:00:00,2026-05-12 15:21:13,sell,4706.89,4658.26,4729.462,4661.527,22.572000000000116,0.01,47.18,5086.150000000001,tp 4658.518
335,941,946,943,948,2026-05-12 12:15:00,2026-05-12 15:22:05,sell,4705.444,4655.886,4728.907,4658.518,23.462999999999738,0.01,48.37,5134.5199999999995,tp 4655.938
336,948,951,950,953,2026-05-13 18:15:00,2026-05-14 00:17:07,sell,4692.475,4704.23,4710.767,4655.369,18.29199999999946,0.01,-13.64,5120.88,sl 4704.053
337,949,952,951,954,2026-05-13 18:20:00,2026-05-14 00:17:07,sell,4690.586,4704.23,4704.053,4663.652,13.466999999999643,0.01,-14.15,5106.7300000000005,sl 4704.053
338,947,954,949,956,2026-05-13 18:10:00,2026-05-14 04:32:38,sell,4690.745,4710.77,4710.767,4650.701,20.021999999999935,0.01,-18.29,5102.31,sl 4710.767
339,955,957,957,959,2026-05-14 11:20:00,2026-05-14 11:55:29,buy,4695.147,4704.807,4684.421,4717.73,10.725999999999658,0.02,43.49,5145.8,tp 4704.522
340,964,966,966,968,2026-05-22 09:10:00,2026-05-22 12:19:26,buy,4522.281,4534.552,4506.418,4554.007,15.863000000000284,0.01,46.52,5161.3,tp 4534.253
341,968,972,970,974,2026-05-22 12:50:00,2026-05-22 13:42:37,buy,4519.05,4513.432,4508.951,4539.248,10.09900000000016,0.02,-21.9,5154.280000000001,sl 4513.488
342,974,977,976,979,2026-05-22 13:50:00,2026-05-22 14:14:49,buy,4511.388,4498.125,4501.054,4532.032,10.333999999999833,0.02,-24.15,5086.450000000001,sl 4498.184
343,978,981,980,983,2026-05-28 14:15:00,2026-05-28 14:46:05,sell,4464.353,4478.637,4476.27,4439.982,11.917000000000371,0.02,-14.04,5048.49,sl 4478.497
344,986,989,988,991,2026-05-28 15:25:00,2026-05-28 16:18:20,sell,4476.267,4493.978,4495.87,4436.479,19.603000000000065,0.01,-16.84,5031.65,sl 4493.722
345,985,990,987,992,2026-05-28 15:20:00,2026-05-28 16:19:43,sell,4472.701,4495.907,4496.033,4425.518,23.332000000000335,0.01,-19.64,5012.009999999999,sl 4495.870
346,984,991,986,993,2026-05-28 15:15:00,2026-05-28 16:19:43,sell,4471.552,4496.042,4496.271,4421.238,24.71900000000005,0.01,-23.34,4988.67,sl 4496.033
347,987,992,989,994,2026-05-28 15:30:00,2026-05-28 16:19:43,sell,4477.142,4496.121,4493.722,4443.211,16.579999999999927,0.01,-15.29,4973.38,sl 4496.052
348,983,993,985,995,2026-05-28 15:10:00,2026-05-28 16:19:44,sell,4473.582,4496.463,4498.254,4423.797,24.67199999999957,0.01,-24.91,4948.47,sl 4496.271
349,982,994,984,996,2026-05-28 15:05:00,2026-05-28 16:20:33,sell,4474.749,4498.37,4499.626,4424.995,24.877000000000407,0.01,-24.79,4923.68,sl 4498.254
350,996,1006,998,1008,2026-06-02 14:10:00,2026-06-02 18:42:41,buy,4503.404,4481.702,4481.097,4547.727,22.3070000000007,0.01,-22.13,4876.61,sl 4481.726
351,997,1007,999,1009,2026-06-02 15:25:00,2026-06-02 18:42:41,buy,4503.827,4481.702,4481.726,4548.029,22.101000000000568,0.01,-24.19,4852.42,sl 4481.726
352,1001,1009,1003,1011,2026-06-02 16:30:00,2026-06-02 18:43:03,buy,4490.951,4480.581,4476.53,4519.253,14.421000000000276,0.01,-19.11,4810.88,sl 4480.600
353,1002,1010,1004,1012,2026-06-02 16:45:00,2026-06-02 18:43:03,buy,4490.136,4480.581,4480.6,4509.208,9.536000000000058,0.02,-18.42,4792.46,sl 4480.600
354,998,1011,1000,1013,2026-06-02 15:30:00,2026-06-02 18:43:04,buy,4505.886,4479.166,4481.726,4554.044,24.160000000000764,0.01,-22.21,4770.25,sl 4479.218
355,999,1012,1001,1014,2026-06-02 16:05:00,2026-06-02 23:10:55,buy,4501.38,4476.466,4479.218,4545.323,22.162000000000262,0.01,-18.7,4751.55,sl 4476.530
356,1000,1013,1002,1015,2026-06-02 16:20:00,2026-06-02 23:10:55,buy,4495.17,4476.466,4476.53,4532.45,18.640000000000327,0.01,-14.48,4737.070000000001,sl 4476.530
357,1003,1014,1005,1016,2026-06-02 16:55:00,2026-06-02 23:16:57,buy,4489.79,4473.512,4480.6,4508.356,9.1899999999996,0.02,-14.13,4722.94,sl 4473.557
358,1004,1015,1006,1017,2026-06-02 17:20:00,2026-06-02 23:16:57,buy,4487.641,4473.512,4473.557,4515.647,14.083999999999833,0.01,-14.99,4707.95,sl 4473.557
359,1016,1020,1018,1022,2026-06-04 07:40:00,2026-06-04 11:48:38,buy,4463.921,4503.704,4447.154,4497.455,16.766999999999825,0.01,42.93,4771.04,tp 4503.701
360,1017,1021,1019,1023,2026-06-04 08:15:00,2026-06-04 11:51:32,buy,4460.77,4504.523,4439.573,4503.701,21.197000000000116,0.01,43.3,4814.34,tp 4504.523
361,1022,1027,1024,1029,2026-06-04 17:40:00,2026-06-05 00:12:16,buy,4478.299,4456.556,4456.812,4521.273,21.48700000000008,0.01,-22.46,4769.06,sl 4456.812
362,1023,1028,1025,1030,2026-06-04 17:50:00,2026-06-05 00:12:16,buy,4479.018,4456.556,4456.812,4523.43,22.20600000000013,0.01,-22.27,4746.25,sl 4456.812
363,1024,1029,1026,1031,2026-06-04 17:55:00,2026-06-05 00:12:16,buy,4478.827,4456.556,4456.812,4522.857,22.015000000000327,0.01,-21.04,4724.67,sl 4456.812
364,1032,1034,1034,1036,2026-06-08 19:35:00,2026-06-08 23:34:32,sell,4327.438,4316.42,4334.044,4314.226,6.605999999999767,0.03,35.64,4760.31,tp 4316.499
365,1030,1036,1032,1038,2026-06-08 19:25:00,2026-06-08 23:49:00,sell,4327.005,4314.482,4333.537,4313.746,6.532000000000153,0.03,39.77,4815.280000000001,tp 4314.537
366,1031,1037,1033,1039,2026-06-08 19:30:00,2026-06-08 23:49:01,sell,4327.739,4314.085,4334.424,4314.537,6.6850000000004,0.03,40.05,4855.33,tp 4314.226
367,1043,1046,1045,1048,2026-06-15 19:45:00,2026-06-15 20:14:35,buy,4319.472,4315.821,4314.701,4329.014,4.770999999999731,0.05,-23.56,4835.08,sl 4315.868
368,1042,1047,1044,1049,2026-06-15 19:40:00,2026-06-15 20:16:30,buy,4321.069,4314.623,4316.199,4330.809,4.8700000000008,0.05,-24.24,4810.84,sl 4314.701
369,1049,1052,1051,1054,2026-06-16 19:40:00,2026-06-17 04:34:25,buy,4337.929,4321.931,4315.526,4383.065,22.403000000000247,0.01,-12.12,4802.99,sl 4321.941
370,1053,1060,1055,1062,2026-06-17 10:30:00,2026-06-17 13:37:18,sell,4328.852,4339.881,4339.867,4306.822,11.015000000000327,0.02,-20.74,4760.1900000000005,sl 4339.867
371,1054,1061,1056,1063,2026-06-17 10:40:02,2026-06-17 13:45:09,sell,4329.511,4342.844,4339.867,4308.799,10.355999999999767,0.02,-19.39,4740.799999999999,sl 4342.774
372,1055,1062,1057,1064,2026-06-17 12:00:00,2026-06-17 13:45:09,sell,4323.447,4343.034,4342.774,4284.598,19.327000000000226,0.01,-19.78,4721.02,sl 4343.010
373,1056,1063,1058,1065,2026-06-17 12:10:00,2026-06-17 13:45:09,sell,4323.253,4343.034,4343.01,4282.242,19.757000000000517,0.01,-19.82,4701.200000000001,sl 4343.010
374,1057,1064,1059,1066,2026-06-17 12:15:00,2026-06-17 13:45:09,sell,4323.21,4343.034,4343.01,4283.802,19.800000000000182,0.01,-18.85,4682.349999999999,sl 4343.010
375,1048,1065,1050,1067,2026-06-16 19:35:00,2026-06-17 13:54:38,buy,4339.518,4339.453,4315.526,4387.502,23.99200000000019,0.01,1.52,4683.330000000001,sl 4339.497
376,1066,1069,1068,1071,2026-06-18 18:20:00,2026-06-18 18:40:02,buy,4228.652,4220.268,4220.628,4244.7,8.024000000000342,0.02,-15.81,4651.139999999999,sl 4220.269
377,1070,1073,1072,1075,2026-06-18 18:45:00,2026-06-18 19:02:33,buy,4224.865,4214.623,4217.601,4239.393,7.264000000000124,0.03,-21.68,4607.44,sl 4214.644
378,1074,1079,1076,1081,2026-06-25 13:05:00,2026-06-26 02:46:37,sell,4029.073,3991.206,4046.516,3994.187,17.44300000000021,0.01,39.62,4636.5599999999995,tp 3991.281
379,1085,1089,1087,1091,2026-06-29 08:00:00,2026-06-29 08:43:57,buy,4061.846,4056.864,4055.283,4075.185,6.563000000000102,0.03,-21.02,4605.58,sl 4057.063
380,1086,1090,1088,1092,2026-06-29 08:10:00,2026-06-29 08:44:30,buy,4063.87,4056.137,4057.063,4077.484,6.806999999999789,0.03,-19.27,4586.3099999999995,sl 4056.316
381,1084,1091,1086,1093,2026-06-29 07:55:00,2026-06-29 08:44:36,buy,4064.545,4055.252,4058.101,4077.328,6.44399999999996,0.03,-19.78,4566.530000000001,sl 4055.283
382,1095,1098,1097,1100,2026-06-30 12:50:00,2026-06-30 13:07:29,sell,4014.734,4019.866,4020.714,4003.452,5.980000000000018,0.03,-22.7,4526.070000000001,sl 4019.847
383,1094,1099,1096,1101,2026-06-30 12:45:00,2026-06-30 13:07:49,sell,4018.145,4020.829,4024.279,4007.182,6.1340000000000146,0.03,-18.29,4507.78,sl 4020.714
384,1104,1107,1106,1109,2026-06-30 14:15:00,2026-06-30 19:55:06,sell,4043.41,4015.81,4060.527,4009.491,17.11700000000019,0.01,32.99,4498.28,tp 4015.865
385,1116,1119,1118,1121,2026-07-02 12:00:00,2026-07-02 12:30:05,buy,4065.687,4085.852,4057.765,4081.465,7.9220000000000255,0.02,37.88,4564.68,tp 4085.194
386,1122,1126,1124,1128,2026-07-06 10:35:00,2026-07-06 12:43:29,sell,4154.138,4131.857,4172.165,4118.084,18.027000000000044,0.01,24.81,4589.780000000001,tp 4132.121
387,1138,1140,1140,1142,2026-07-06 19:50:00,2026-07-07 00:17:59,sell,4162.92,4152.258,4169.302,4150.933,6.381999999999607,0.03,46.16,4652.79,tp 4152.319
388,1123,1141,1125,1143,2026-07-06 11:25:00,2026-07-07 00:19:50,sell,4156.665,4156.857,4168.937,4132.121,12.271999999999935,0.01,-3.27,4649.5199999999995,sl 4156.797
389,1137,1142,1139,1144,2026-07-06 19:45:00,2026-07-07 00:38:13,sell,4161.083,4150.806,4169.302,4144.645,8.219000000000051,0.02,36.34,4685.860000000001,tp 4150.933
390,1134,1143,1136,1145,2026-07-06 19:30:00,2026-07-07 00:59:27,sell,4162.896,4147.097,4176.293,4135.937,13.396999999999935,0.01,44.42,4730.28,tp 4147.105
391,1136,1144,1138,1146,2026-07-06 19:40:00,2026-07-07 01:00:02,sell,4160.163,4144.491,4169.302,4141.885,9.139000000000124,0.02,33.19,4763.469999999999,tp 4144.645
392,1135,1145,1137,1147,2026-07-06 19:35:00,2026-07-07 01:00:07,sell,4161.903,4141.765,4169.302,4147.105,7.3989999999994325,0.03,36.8,4800.27,tp 4141.885
393,1133,1147,1135,1149,2026-07-06 19:25:00,2026-07-07 01:16:41,sell,4162.099,4135.802,4176.293,4133.711,14.193999999999505,0.01,27.1,4852.39,tp 4135.937
394,1132,1148,1134,1150,2026-07-06 19:20:00,2026-07-07 01:22:12,sell,4161.241,4133.702,4176.293,4131.137,15.05199999999968,0.01,28.4,4880.79,tp 4133.711
395,1128,1149,1130,1151,2026-07-06 19:00:00,2026-07-07 01:22:56,sell,4163.877,4132.67,4176.293,4138.94,12.415999999999258,0.01,29.08,4909.87,tp 4132.673
396,1131,1150,1133,1152,2026-07-06 19:15:00,2026-07-07 01:27:07,sell,4159.293,4131.051,4176.293,4125.293,17.0,0.01,30.19,4940.0599999999995,tp 4131.137
397,1129,1151,1131,1153,2026-07-06 19:05:01,2026-07-07 01:27:09,sell,4161.753,4129.86,4176.293,4132.673,14.539999999999964,0.01,31.1,4971.160000000001,tp 4129.964
398,1130,1152,1132,1154,2026-07-06 19:10:01,2026-07-07 03:48:55,sell,4160.959,4125.242,4176.293,4129.964,15.333999999999833,0.01,34.05,5005.21,tp 4125.293
399,1124,1153,1126,1155,2026-07-06 11:45:00,2026-07-07 05:40:20,sell,4153.594,4117.109,4174.319,4111.919,20.725000000000364,0.01,38.15,5043.36,tp 4117.136
400,1173,1185,1175,1187,2026-07-07 17:35:00,2026-07-07 18:30:46,sell,4145.875,4139.097,4149.27,4139.085,3.3950000000004366,0.07,48.57,5069.799999999999,tp 4139.350
401,1172,1186,1174,1188,2026-07-07 17:30:00,2026-07-07 18:30:46,sell,4145.977,4139.043,4149.459,4139.013,3.481999999999971,0.07,47.83,5117.63,tp 4139.085
402,1171,1187,1173,1189,2026-07-07 17:25:00,2026-07-07 18:30:46,sell,4145.18,4138.965,4153.948,4127.851,8.768000000000029,0.02,49.08,5166.71,tp 4139.013
403,1175,1188,1177,1190,2026-07-07 17:45:00,2026-07-07 18:32:49,sell,4146.883,4138.726,4151.752,4137.145,4.869000000000597,0.05,44.75,5211.46,tp 4138.779
404,1177,1189,1179,1191,2026-07-07 17:55:00,2026-07-07 18:33:15,sell,4143.713,4137.862,4146.934,4137.271,3.2210000000004584,0.07,47.05,5258.51,tp 4138.025
405,1176,1190,1178,1192,2026-07-07 17:50:00,2026-07-07 18:33:21,sell,4145.119,4137.147,4148.289,4138.779,3.1700000000000728,0.07,45.96,5304.47,tp 4137.271
406,1174,1191,1176,1193,2026-07-07 17:40:00,2026-07-07 18:33:39,sell,4146.036,4137.097,4149.379,4139.35,3.342999999999847,0.07,48.93,5353.400000000001,tp 4137.145
407,1182,1192,1184,1194,2026-07-07 18:20:00,2026-07-07 18:33:39,sell,4141.759,4136.649,4144.882,4135.513,3.1229999999995925,0.08,49.6,5403.0,tp 4136.791
408,1183,1197,1185,1199,2026-07-07 18:25:00,2026-07-07 18:49:14,sell,4142.849,4135.549,4145.956,4136.791,3.106999999999971,0.08,50.59,5452.72,tp 4135.564
409,1181,1198,1183,1200,2026-07-07 18:15:00,2026-07-07 18:49:16,sell,4142.158,4135.472,4146.332,4133.81,4.173999999999978,0.06,50.29,5503.01,tp 4135.513
410,1195,1199,1197,1201,2026-07-07 18:40:00,2026-07-07 18:49:16,sell,4141.449,4135.159,4144.682,4134.983,3.2330000000001746,0.08,53.67,5556.68,tp 4135.210
411,1178,1201,1180,1203,2026-07-07 18:00:00,2026-07-07 18:49:17,sell,4144.583,4134.752,4147.712,4138.025,3.129000000000815,0.07,46.32,5654.75,tp 4134.752
412,1180,1202,1182,1204,2026-07-07 18:10:00,2026-07-07 18:49:19,sell,4141.852,4133.716,4146.332,4132.892,4.480000000000473,0.05,50.65,5705.4,tp 4133.810
413,1179,1203,1181,1205,2026-07-07 18:05:00,2026-07-07 18:49:21,sell,4142.472,4132.872,4146.332,4134.752,3.860000000000582,0.06,44.9,5750.299999999999,tp 4132.892
414,1166,1205,1168,1207,2026-07-07 17:00:00,2026-07-07 18:51:19,sell,4145.172,4129.365,4162.825,4109.365,17.653000000000247,0.01,49.35,5799.650000000001,tp 4129.555
415,1167,1206,1169,1208,2026-07-07 17:05:00,2026-07-07 18:51:19,sell,4145.817,4129.23,4153.948,4129.555,8.131000000000313,0.03,48.94,5848.589999999999,tp 4129.243
416,1170,1207,1172,1209,2026-07-07 17:20:00,2026-07-07 18:51:24,sell,4143.071,4127.842,4153.948,4120.294,10.877000000000407,0.02,34.68,5883.27,tp 4127.851
417,1156,1210,1158,1212,2026-07-07 16:10:00,2026-07-07 18:56:14,sell,4140.372,4130.212,4162.825,4095.466,22.45299999999952,0.01,10.86,5941.2699999999995,sl 4130.189
418,1168,1212,1170,1214,2026-07-07 17:10:00,2026-07-07 19:01:06,sell,4145.544,4120.742,4153.948,4129.243,8.404000000000451,0.03,44.72,5985.990000000001,tp 4120.789
419,1169,1213,1171,1215,2026-07-07 17:15:00,2026-07-07 19:01:06,sell,4143.1,4120.242,4153.948,4120.789,10.847999999999956,0.02,45.66,6031.65,tp 4120.294
420,1159,1216,1161,1218,2026-07-07 16:25:00,2026-07-07 19:07:16,sell,4144.868,4112.189,4162.825,4108.462,17.956999999999425,0.01,33.6,6106.38,tp 4112.215
421,1165,1217,1167,1219,2026-07-07 16:55:00,2026-07-07 19:07:57,sell,4144.704,4109.358,4162.825,4108.129,18.121000000000095,0.01,35.81,6142.1900000000005,tp 4109.365
422,1158,1218,1160,1220,2026-07-07 16:20:00,2026-07-07 19:07:57,sell,4144.186,4108.431,4162.825,4106.407,18.639000000000124,0.01,36.44,6178.629999999999,tp 4108.462
423,1163,1220,1165,1222,2026-07-07 16:45:00,2026-07-07 19:10:35,sell,4143.44,4107.893,4162.825,4104.349,19.38500000000022,0.01,36.63,6215.26,tp 4107.901
424,1164,1221,1166,1223,2026-07-07 16:50:00,2026-07-07 19:10:35,sell,4144.517,4107.893,4162.825,4107.901,18.307999999999993,0.01,36.81,6252.070000000001,tp 4108.129
425,1161,1222,1163,1224,2026-07-07 16:35:00,2026-07-07 19:11:20,sell,4143.313,4107.16,4162.825,4104.289,19.511999999999716,0.01,37.13,6289.2,tp 4107.211
426,1157,1223,1159,1225,2026-07-07 16:15:00,2026-07-07 19:11:23,sell,4141.071,4106.354,4162.825,4097.731,21.753999999999905,0.01,37.84,6327.04,tp 4106.407
427,1162,1224,1164,1226,2026-07-07 16:40:00,2026-07-07 19:11:52,sell,4144.287,4104.305,4162.825,4107.211,18.537999999999556,0.01,39.13,6366.17,tp 4104.349
428,1160,1225,1162,1227,2026-07-07 16:30:00,2026-07-07 19:12:20,sell,4145.786,4104.138,4162.825,4112.215,17.03899999999976,0.01,39.17,6405.34,tp 4104.289
429,1235,1245,1237,1247,2026-07-15 14:35:00,2026-07-15 15:20:32,sell,4062.149,4042.953,4071.936,4042.26,9.787000000000262,0.03,57.72,6641.81,tp 4042.979
430,1234,1246,1236,1248,2026-07-15 14:30:00,2026-07-15 15:20:33,sell,4058.625,4042.197,4068.391,4039.093,9.766000000000076,0.03,59.86,6701.67,tp 4042.260
431,1241,1247,1243,1249,2026-07-15 15:05:00,2026-07-15 15:20:33,sell,4059.239,4041.747,4068.627,4040.463,9.38799999999992,0.03,64.59,6766.26,tp 4041.896
432,1239,1248,1241,1250,2026-07-15 14:55:00,2026-07-15 15:20:36,sell,4055.954,4041.23,4065.674,4036.823,9.7199999999998,0.03,57.9,6824.16,tp 4041.269
433,1237,1249,1239,1251,2026-07-15 14:45:00,2026-07-15 15:20:37,sell,4057.382,4040.938,4066.771,4038.736,9.389000000000124,0.03,56.66,6880.82,tp 4041.082
434,1240,1250,1242,1252,2026-07-15 15:00:00,2026-07-15 15:22:13,sell,4060.529,4040.336,4069.901,4041.269,9.371999999999844,0.03,56.71,6937.53,tp 4040.463
435,1236,1261,1238,1263,2026-07-15 14:40:00,2026-07-15 16:10:57,sell,4062.192,4038.734,4071.425,4042.979,9.233000000000175,0.03,55.95,7019.55,tp 4038.736
436,1256,1263,1258,1265,2026-07-15 15:45:00,2026-07-15 16:17:06,sell,4049.378,4037.099,4056.531,4035.204,7.152999999999793,0.04,66.28,7085.83,tp 4037.148
437,1238,1264,1240,1266,2026-07-15 14:50:00,2026-07-15 16:17:08,sell,4059.824,4036.774,4069.195,4041.082,9.371000000000095,0.03,57.54,7143.37,tp 4036.823
438,1255,1265,1257,1267,2026-07-15 15:40:00,2026-07-15 16:19:46,sell,4048.609,4035.153,4056.202,4033.27,7.593000000000302,0.04,56.9,7200.2699999999995,tp 4035.204
439,1254,1267,1256,1269,2026-07-15 15:35:00,2026-07-15 16:19:47,sell,4048.153,4033.219,4056.202,4032.586,8.049000000000433,0.04,61.56,7325.59,tp 4033.270
440,1253,1271,1255,1273,2026-07-15 15:30:00,2026-07-15 16:34:39,sell,4049.277,4032.573,4056.673,4033.372,7.395999999999731,0.04,62.32,7387.91,tp 4032.586
441,1257,1273,1259,1275,2026-07-15 15:55:00,2026-07-15 16:35:15,sell,4050.356,4028.169,4056.96,4037.148,6.6039999999998145,0.05,56.1,7444.01,tp 4028.209
442,1242,1281,1244,1283,2026-07-15 15:10:00,2026-07-15 17:35:23,sell,4054.666,4056.261,4061.051,4041.896,6.3849999999997635,0.05,-23.95,7420.06,sl 4056.202
443,1243,1282,1245,1284,2026-07-15 15:15:00,2026-07-15 17:35:23,sell,4044.285,4056.261,4056.202,4020.016,11.917000000000371,0.02,-31.4,7388.660000000001,sl 4056.202
444,1258,1284,1260,1286,2026-07-15 16:00:00,2026-07-15 17:35:23,sell,4046.871,4056.261,4056.202,4028.209,9.331000000000131,0.03,-25.41,7329.29,sl 4056.202
445,1259,1285,1261,1287,2026-07-15 16:05:00,2026-07-15 17:35:23,sell,4043.555,4056.261,4056.202,4018.261,12.64700000000039,0.02,-28.07,7301.22,sl 4056.241
446,1268,1288,1270,1290,2026-07-15 16:20:00,2026-07-15 17:35:23,sell,4034.041,4056.261,4056.241,3989.488,22.199999999999818,0.01,-20.51,7222.5,sl 4056.241
447,1269,1289,1271,1291,2026-07-15 16:25:00,2026-07-15 17:35:23,sell,4035.745,4056.261,4056.241,3994.753,20.496000000000095,0.01,-21.35,7201.15,sl 4056.241
448,1274,1292,1276,1294,2026-07-15 16:40:00,2026-07-15 17:35:47,sell,4030.192,4058.768,4058.578,3974.113,28.385999999999967,0.01,-30.3,7114.54,sl 4058.578
449,1275,1293,1277,1295,2026-07-15 16:45:00,2026-07-15 17:35:47,sell,4028.47,4058.768,4058.578,3968.728,30.108000000000175,0.01,-23.51,7091.03,sl 4058.578
450,1276,1294,1278,1296,2026-07-15 16:50:00,2026-07-15 17:35:47,sell,4035.262,4058.768,4058.578,3989.14,23.315999999999804,0.01,-24.77,7066.259999999999,sl 4058.578
451,1277,1295,1279,1297,2026-07-15 16:55:00,2026-07-15 17:35:47,sell,4034.001,4058.768,4058.578,3984.847,24.57699999999977,0.01,-24.67,7041.59,sl 4058.578
452,1278,1296,1280,1298,2026-07-15 17:00:00,2026-07-15 17:43:55,sell,4034.102,4062.199,4058.578,3983.764,24.476000000000113,0.01,-24.77,7016.82,sl 4062.030
453,1279,1297,1281,1299,2026-07-15 17:05:00,2026-07-15 17:43:55,sell,4037.433,4062.199,4062.03,3988.92,24.597000000000207,0.01,-25.43,6991.389999999999,sl 4062.030
454,1301,1306,1303,1308,2026-07-17 18:35:00,2026-07-19 22:04:42,buy,4013.471,3995.932,3979.687,4080.889,33.784000000000106,0.01,-29.27,6957.0599999999995,sl 3996.035
455,1302,1307,1304,1309,2026-07-17 19:10:00,2026-07-19 22:04:42,buy,4005.69,3995.932,3996.035,4025.0,9.6550000000002,0.03,-29.09,6926.35,sl 3996.035
456,1303,1308,1305,1310,2026-07-17 19:30:00,2026-07-19 22:04:42,buy,4005.63,3995.932,3996.035,4024.364,9.595000000000255,0.03,-32.12,6892.610000000001,sl 3996.035
457,1298,1309,1300,1311,2026-07-17 17:15:00,2026-07-20 00:01:01,buy,4013.528,3987.826,3987.852,4064.88,25.67599999999993,0.01,-21.91,6870.16,sl 3987.852
458,1299,1313,1301,1315,2026-07-17 17:55:01,2026-07-20 07:48:52,buy,4009.744,4016.374,3987.852,4053.528,21.89200000000028,0.01,5.73,6875.349999999999,sl 4016.468
459,1310,1315,1312,1317,2026-07-20 07:05:00,2026-07-20 08:03:54,buy,4005.598,4024.682,3993.611,4029.572,11.98700000000008,0.02,62.21,6937.56,tp 4024.616
460,1320,1323,1322,1325,2026-07-20 09:55:00,2026-07-20 11:30:38,buy,4020.737,4036.289,4012.667,4036.877,8.070000000000164,0.04,63.56,7049.39,tp 4035.716
461,1300,1324,1302,1326,2026-07-17 18:15:01,2026-07-20 11:31:18,buy,4010.641,4027.391,3979.136,4073.651,31.50500000000011,0.01,13.92,7062.77,sl 4027.453
462,1319,1325,1321,1327,2026-07-20 09:20:00,2026-07-20 11:34:15,buy,4019.463,4036.979,4010.693,4037.621,8.769999999999982,0.03,64.97,7127.740000000001,tp 4036.877
463,1318,1326,1320,1328,2026-07-20 08:45:00,2026-07-20 11:34:17,buy,4022.07,4037.664,4010.693,4044.557,11.376999999999953,0.03,54.6,7182.34,tp 4037.621
464,1311,1327,1313,1329,2026-07-20 07:20:00,2026-07-20 11:34:19,buy,4003.946,4038.606,3993.611,4024.616,10.335000000000036,0.03,60.0,7242.34,tp 4038.593
465,1321,1329,1323,1331,2026-07-20 10:05:00,2026-07-20 12:24:48,buy,4020.401,4007.525,4012.667,4035.716,7.733999999999924,0.04,-29.05,7178.5599999999995,sl 4007.543
466,1337,1341,1339,1343,2026-07-22 18:25:00,2026-07-22 22:00:48,buy,4137.075,4117.8,4117.429,4176.367,19.64599999999973,0.01,-55.16,7237.16,sl 4126.239
467,1338,1342,1340,1344,2026-07-22 18:45:00,2026-07-22 22:00:48,buy,4136.188,4117.8,4126.239,4156.086,9.949000000000524,0.03,-59.57,7177.59,sl 4126.239
468,1339,1343,1341,1345,2026-07-22 18:55:00,2026-07-22 22:00:48,buy,4137.656,4117.8,4126.239,4160.49,11.417000000000371,0.03,-69.79,7107.8,sl 4126.239
469,1334,1344,1336,1346,2026-07-22 17:40:00,2026-07-22 22:00:49,buy,4139.325,4117.386,4111.497,4195.134,27.82799999999952,0.01,-24.99,7082.81,sl 4117.429
470,1335,1345,1337,1347,2026-07-22 17:55:00,2026-07-22 22:00:49,buy,4142.381,4117.386,4117.429,4193.173,24.952000000000226,0.01,-25.43,7057.38,sl 4117.429
471,1336,1346,1338,1348,2026-07-22 18:00:00,2026-07-22 22:00:49,buy,4142.822,4117.386,4117.429,4193.068,25.39300000000003,0.01,-19.69,7037.6900000000005,sl 4117.429
472,1332,1348,1334,1350,2026-07-22 17:10:00,2026-07-23 07:07:41,buy,4144.534,4111.465,4111.497,4211.088,33.03699999999935,0.01,-34.5,6966.89,sl 4111.497
473,1333,1349,1335,1351,2026-07-22 17:30:00,2026-07-23 07:07:41,buy,4145.974,4111.465,4111.497,4215.834,34.47699999999986,0.01,-27.86,6937.410000000001,sl 4111.497
474,1351,1354,1353,1356,2026-07-29 09:15:00,2026-07-29 09:30:32,buy,4036.476,4032.584,4032.102,4045.515,4.374000000000251,0.07,-32.39,6873.94,sl 4032.838
475,1350,1355,1352,1357,2026-07-29 09:10:00,2026-07-29 09:30:34,buy,4037.761,4032.03,4033.345,4046.593,4.416000000000167,0.07,-31.12,6842.82,sl 4032.102
476,1358,1362,1360,1364,2026-07-30 18:00:00,2026-07-31 02:41:42,sell,4102.819,4079.838,4109.799,4088.337,6.979999999999563,0.04,-24.81,6846.54,sl 4079.856
477,1359,1363,1361,1365,2026-07-30 18:40:00,2026-07-31 02:41:42,buy,4104.651,4079.838,4079.856,4154.619,24.794999999999618,0.01,-25.33,6820.67,sl 4079.856
478,1366,1371,1368,1373,2026-08-04 09:35:00,2026-08-04 11:48:01,buy,4049.806,4076.183,4034.621,4080.176,15.184999999999945,0.02,57.44,6869.98,tp 4076.129
479,1367,1372,1369,1374,2026-08-04 10:10:00,2026-08-04 11:51:44,buy,4047.463,4081.115,4033.13,4076.129,14.333000000000084,0.02,64.2,6934.179999999999,tp 4080.788
480,1368,1380,1370,1382,2026-08-04 10:15:00,2026-08-05 02:18:35,buy,4049.016,4095.733,4033.13,4080.788,15.885999999999967,0.02,34.7,6968.34,sl 4095.915
481,1374,1381,1376,1383,2026-08-04 18:25:00,2026-08-05 02:41:42,buy,4087.131,4126.11,4055.758,4149.91,31.373000000000047,0.01,46.94,7014.74,tp 4126.091
482,1376,1382,1378,1384,2026-08-04 18:50:00,2026-08-05 02:41:45,buy,4079.773,4126.895,4055.711,4128.365,24.062000000000353,0.01,46.86,7061.0599999999995,tp 4126.776
483,1375,1383,1377,1385,2026-08-04 18:40:00,2026-08-05 02:42:23,buy,4079.171,4128.377,4055.711,4126.091,23.460000000000036,0.01,48.61,7109.13,tp 4128.365
484,1378,1384,1380,1386,2026-08-04 19:10:00,2026-08-05 04:07:44,buy,4084.038,4139.506,4056.489,4139.625,27.548999999999978,0.01,59.55,7168.14,tp 4139.481
485,1377,1385,1379,1387,2026-08-04 19:00:00,2026-08-05 04:07:57,buy,4080.041,4139.737,4056.489,4126.776,23.552000000000135,0.01,55.7,7223.3,tp 4139.625
486,1373,1387,1375,1389,2026-08-04 18:00:00,2026-08-05 05:37:58,buy,4086.263,4149.958,4055.758,4147.477,30.50500000000011,0.01,62.83,7346.31,tp 4149.910
487,1389,1393,1391,1395,2026-08-10 08:20:01,2026-08-10 09:36:21,buy,4355.391,4340.261,4339.974,4386.225,15.416999999999462,0.02,-31.96,7314.35,sl 4340.313
488,1388,1394,1390,1396,2026-08-10 07:10:00,2026-08-10 10:00:20,buy,4354.087,4339.932,4327.374,4407.705,26.713000000000648,0.01,-30.92,7283.43,sl 4339.974
489,1390,1395,1392,1397,2026-08-10 08:55:00,2026-08-10 10:38:15,buy,4346.653,4338.297,4340.313,4359.333,6.3400000000001455,0.05,-34.66,7248.77,sl 4338.344
490,1391,1396,1393,1398,2026-08-10 09:15:00,2026-08-10 10:38:15,buy,4349.849,4338.297,4338.344,4372.859,11.50500000000011,0.03,-29.21,7219.56,sl 4338.344
491,1398,1401,1400,1403,2026-08-11 14:30:00,2026-08-11 15:34:28,buy,4384.669,4380.571,4371.188,4411.124,13.480999999999767,0.02,-26.13,7167.51,sl 4380.604
492,1404,1407,1406,1409,2026-08-11 16:35:00,2026-08-11 17:27:45,buy,4382.507,4379.412,4373.219,4401.083,9.287999999999556,0.03,-31.69,7135.820000000001,sl 4379.412
493,1405,1408,1407,1410,2026-08-11 17:10:00,2026-08-11 17:34:48,buy,4384.693,4376.021,4379.412,4395.255,5.280999999999949,0.06,-31.55,7104.2699999999995,sl 4376.036
494,1403,1410,1405,1412,2026-08-11 16:05:00,2026-08-11 17:54:32,buy,4381.078,4373.197,4369.318,4404.598,11.760000000000218,0.03,-27.93,7076.34,sl 4373.219
495,1402,1412,1404,1414,2026-08-11 15:35:00,2026-08-11 17:57:20,buy,4378.312,4369.315,4367.892,4399.152,10.420000000000073,0.03,-35.28,7005.3,sl 4369.318
496,1414,1436,1416,1438,2026-08-12 07:05:00,2026-08-12 19:49:10,buy,4401.564,4409.809,4388.754,4426.602,12.8100000000004,0.02,7.34,7010.81,sl 4409.919
497,1432,1438,1434,1440,2026-08-12 19:00:00,2026-08-12 22:05:12,buy,4413.305,4404.489,4397.783,4444.673,15.521999999999935,0.02,-24.72,6986.09,sl 4404.546
498,1433,1439,1435,1441,2026-08-12 19:30:00,2026-08-12 22:05:12,buy,4416.852,4404.489,4404.546,4441.464,12.305999999999585,0.02,-30.77,6955.32,sl 4404.546
499,1434,1440,1436,1442,2026-08-12 19:40:00,2026-08-12 22:05:12,buy,4412.182,4404.489,4404.546,4427.454,7.6359999999995125,0.04,-35.7,6919.62,sl 4404.546
500,1427,1442,1429,1444,2026-08-12 18:05:00,2026-08-13 00:09:14,buy,4398.973,4422.297,4385.267,4426.385,13.706000000000131,0.02,65.66,6946.23,tp 4422.281
501,1426,1443,1428,1445,2026-08-12 18:00:00,2026-08-13 00:16:30,buy,4399.591,4426.506,4385.267,4428.59,14.324000000000524,0.02,55.06,6998.06,tp 4426.385
502,1425,1444,1427,1446,2026-08-12 17:35:00,2026-08-13 00:19:19,buy,4410.343,4428.716,4385.267,4460.666,25.076000000000022,0.01,58.25,7053.080000000001,tp 4428.590
503,1429,1445,1431,1447,2026-08-12 18:25:00,2026-08-13 00:20:26,buy,4410.82,4430.883,4397.783,4436.894,13.036999999999352,0.02,66.41,7114.639999999999,tp 4430.738
504,1428,1446,1430,1448,2026-08-12 18:15:00,2026-08-13 00:23:43,buy,4405.882,4436.9,4397.783,4422.281,8.09899999999925,0.04,52.16,7163.570000000001,tp 4436.894
505,1415,1447,1417,1449,2026-08-12 07:10:00,2026-08-13 00:26:12,buy,4402.467,4431.306,4381.043,4444.991,21.423999999999978,0.01,29.6,7191.55,sl 4431.361
506,1431,1448,1433,1450,2026-08-12 18:45:00,2026-08-13 00:34:12,buy,4413.942,4444.841,4397.783,4446.149,16.15899999999965,0.02,63.07,7251.39,tp 4444.673
507,1430,1449,1432,1451,2026-08-12 18:30:00,2026-08-13 00:34:12,buy,4408.748,4446.366,4397.783,4430.738,10.964999999999236,0.03,64.85,7313.010000000001,tp 4446.149
508,1424,1450,1426,1452,2026-08-12 17:20:00,2026-08-13 05:46:40,buy,4403.883,4385.019,4377.518,4456.217,26.36499999999978,0.01,-25.32,7286.070000000001,sl 4385.267
509,1416,1451,1418,1453,2026-08-12 07:15:00,2026-08-13 05:59:10,buy,4401.708,4381.408,4381.043,4443.437,20.664999999999964,0.01,-26.19,7258.26,sl 4381.562
510,1417,1452,1419,1454,2026-08-12 07:40:00,2026-08-13 05:59:10,buy,4407.602,4381.408,4381.562,4459.34,26.039999999999964,0.01,-27.59,7229.05,sl 4381.562
511,1421,1454,1423,1456,2026-08-12 16:55:00,2026-08-13 06:04:40,buy,4405.471,4377.205,4377.518,4461.392,27.95299999999952,0.01,-29.29,7168.26,sl 4377.518
512,1422,1455,1424,1457,2026-08-12 17:10:00,2026-08-13 06:04:40,buy,4406.504,4377.205,4377.518,4464.653,28.985999999999876,0.01,-26.71,7139.93,sl 4377.518
513,1423,1456,1425,1458,2026-08-12 17:15:00,2026-08-13 06:04:40,buy,4403.922,4377.205,4377.518,4456.532,26.40399999999954,0.01,-26.67,7111.64,sl 4377.518
514,1418,1457,1420,1459,2026-08-12 07:50:00,2026-08-13 06:36:19,buy,4408.999,4368.878,4381.562,4463.873,27.436999999999898,0.01,-33.01,7077.01,sl 4368.930
515,1469,1486,1471,1488,2026-08-13 10:50:00,2026-08-13 16:14:40,sell,4390.208,4354.2,4411.502,4347.62,21.29400000000078,0.01,38.28,7118.7,tp 4354.265
516,1467,1487,1469,1489,2026-08-13 10:40:00,2026-08-13 19:13:57,sell,4388.385,4348.231,4411.502,4342.151,23.11700000000019,0.01,42.2,7160.9,tp 4348.271
517,1468,1488,1470,1490,2026-08-13 10:45:00,2026-08-13 19:14:05,sell,4390.425,4347.585,4411.502,4348.271,21.077000000000226,0.01,42.62,7203.5199999999995,tp 4347.620
518,1472,1489,1474,1491,2026-08-13 11:10:00,2026-08-13 19:15:01,sell,4390.455,4346.296,4417.913,4335.539,27.45799999999963,0.01,47.72,7251.240000000001,tp 4346.450
519,1464,1490,1466,1492,2026-08-13 10:25:01,2026-08-13 19:15:11,sell,4384.571,4345.968,4407.57,4338.573,22.998999999999796,0.01,41.05,7292.29,tp 4346.064
520,1470,1491,1472,1493,2026-08-13 10:55:00,2026-08-13 19:15:12,sell,4392.483,4344.698,4411.502,4354.265,19.019000000000233,0.01,44.55,7336.84,tp 4344.731
521,1473,1492,1475,1494,2026-08-13 11:15:00,2026-08-14 00:26:20,sell,4394.018,4343.17,4417.913,4346.45,23.894999999999527,0.01,49.86,7386.7,tp 4343.270
522,1466,1493,1468,1495,2026-08-13 10:35:00,2026-08-14 00:26:20,sell,4385.15,4341.669,4407.57,4340.31,22.420000000000073,0.01,46.72,7433.42,tp 4342.151
523,1474,1494,1476,1496,2026-08-13 11:20:00,2026-08-14 00:26:20,sell,4393.032,4341.149,4417.913,4343.27,24.880999999999403,0.01,51.19,7484.61,tp 4341.197
524,1465,1495,1467,1497,2026-08-13 10:30:00,2026-08-14 00:26:20,sell,4387.016,4340.204,4407.57,4346.064,20.554000000000087,0.01,44.95,7529.5599999999995,tp 4340.310
525,1462,1496,1464,1498,2026-08-13 10:15:00,2026-08-14 00:29:34,sell,4381.705,4339.982,4407.57,4329.975,25.86499999999978,0.01,45.07,7574.63,tp 4340.010
526,1463,1497,1465,1499,2026-08-13 10:20:00,2026-08-14 00:30:08,sell,4385.05,4338.554,4407.57,4340.01,22.519999999999527,0.01,46.02,7620.650000000001,tp 4338.573
527,1458,1498,1460,1500,2026-08-13 09:55:00,2026-08-14 00:30:10,sell,4380.343,4338.028,4407.57,4325.442,27.22699999999986,0.01,46.44,7667.089999999999,tp 4338.117
528,1459,1499,1461,1501,2026-08-13 10:00:00,2026-08-14 00:30:12,sell,4384.472,4337.947,4407.57,4338.117,23.097999999999956,0.01,46.76,7713.85,tp 4337.991
529,1480,1500,1482,1502,2026-08-13 12:05:00,2026-08-14 00:38:49,sell,4387.008,4336.621,4417.913,4325.012,30.904999999999745,0.01,54.0,7767.85,tp 4336.712
530,1460,1501,1462,1503,2026-08-13 10:05:00,2026-08-14 00:38:51,sell,4384.709,4336.441,4407.57,4337.991,22.860999999999876,0.01,47.43,7815.280000000001,tp 4336.464
531,1471,1502,1473,1504,2026-08-13 11:05:00,2026-08-14 00:39:45,sell,4389.246,4335.518,4411.502,4344.731,22.256000000000313,0.01,54.94,7870.219999999999,tp 4335.539
532,1481,1503,1483,1505,2026-08-13 12:10:00,2026-08-14 00:48:55,sell,4390.616,4330.109,4417.913,4336.712,27.29699999999957,0.01,58.93,7929.150000000001,tp 4331.303
533,1461,1504,1463,1506,2026-08-13 10:10:00,2026-08-14 00:48:55,sell,4383.868,4329.89,4407.57,4336.464,23.701999999999316,0.01,51.82,7980.969999999999,tp 4329.975
534,1475,1505,1477,1507,2026-08-13 11:25:00,2026-08-14 01:09:28,sell,4392.341,4328.53,4417.913,4341.197,25.571999999999207,0.01,59.59,8040.56,tp 4328.759
535,1478,1506,1480,1508,2026-08-13 11:55:00,2026-08-14 01:10:07,sell,4384.817,4326.887,4417.913,4317.86,33.09599999999955,0.01,60.71,8101.27,tp 4326.893
536,1479,1507,1481,1509,2026-08-13 12:00:00,2026-08-14 01:10:52,sell,4387.604,4324.983,4417.913,4326.893,30.308999999999287,0.01,62.03,8163.3,tp 4325.012
537,1482,1508,1484,1510,2026-08-13 12:15:00,2026-08-14 01:11:00,sell,4389.043,4322.511,4417.913,4331.303,28.86999999999989,0.01,63.93,8227.23,tp 4322.590
538,1483,1509,1485,1511,2026-08-13 12:20:00,2026-08-14 01:18:31,sell,4386.44,4320.42,4418.401,4322.59,31.96100000000024,0.01,65.34,8292.57,tp 4320.478
539,1477,1510,1479,1512,2026-08-13 11:50:00,2026-08-14 01:19:01,sell,4384.323,4317.831,4417.913,4317.782,33.589999999999236,0.01,66.99,8359.56,tp 4317.860
540,1476,1511,1478,1513,2026-08-13 11:30:00,2026-08-14 01:24:20,sell,4388.123,4317.738,4417.913,4328.759,29.789999999999964,0.01,66.58,8426.14,tp 4317.782
541,1515,1521,1517,1523,2026-08-14 15:55:00,2026-08-14 18:45:28,sell,4390.456,4372.793,4400.182,4371.004,9.725999999999658,0.04,76.5,8461.19,tp 4372.875
542,1518,1523,1520,1525,2026-08-14 16:05:00,2026-08-14 18:45:40,sell,4390.671,4372.389,4399.806,4372.401,9.134999999999309,0.04,71.67,8605.98,tp 4372.488
543,1519,1524,1521,1526,2026-08-14 16:50:00,2026-08-14 18:45:40,sell,4386.724,4372.327,4393.842,4372.488,7.117999999999483,0.05,83.89,8689.869999999999,tp 4372.387
544,1512,1525,1514,1527,2026-08-14 15:30:00,2026-08-14 19:52:13,sell,4385.1,4378.631,4395.4,4364.263,10.299999999999272,0.04,26.41,8716.28,sl 4378.499
545,1514,1526,1516,1528,2026-08-14 15:40:01,2026-08-16 23:32:41,sell,4387.456,4370.986,4397.816,4366.736,10.359999999999673,0.04,77.88,8794.16,tp 4371.004
546,1513,1527,1515,18296251443314688,2026-08-14 15:35:00,2026-08-17 00:44:27,sell,4387.434,4397.896,4397.926,4366.279,10.49200000000019,0.03,-41.76,8752.4,sl 4397.816
